文章標題,[新聞] 726倒數！　台中罷團號召上街頭　藍營告 - 看板 HatePolitics - 批踢踢實業坊
文章內容（斷詞）
"※ 「 新聞 」 標題 須 為 原 新聞 標題 且 從頭 張貼  ※
1. 新聞 網址 ︰ 
※  請 附上 有效 原文 連結 或 短 網址  ※
https://bit.ly/4l ICWU7
2. 新聞 來源 ︰ 


 民視 
3. 完整 新聞 標題 ： 
※  內文 請 完整 轉載 標題   請 勿 修改 與 刪減  ※
※  注意 發文 標題   為 原始 新聞 標題 從頭 張貼   切勿 修改 與 刪減  ※
726 倒數 ！ 　 台中 罷團 號召 上 街頭 　 藍營 告 ＂ 復國黨 ＂ 宣傳車 
4. 完整 新聞 內容 ︰ 
※  請 完整 轉載 原文   請 勿 修改 內文 與 刪減  ※


 中部 中心 ／ 王云宣 、 梁智翔 、 林賢明 　 台中 報導 

 726 大 罷免 投票 倒數 ， 台中市 六 個 罷免 團體 ， 穿上 代表 各自 原先 職業 的 服裝 ， 號召 民眾 在 7月 
20日 黃金 星期天 ， 透過 百 工 百 業 上街 遊行 護 台灣 。 面對 罷團 來勢洶洶 ， 國民黨 台中市 黨部 主
委 ， 17日 下午 ， 現身 台中 地檢署 控告 ， 近期 街頭 出現 兩 部 宣傳車 ， 有 類似 國民黨 的 黨徽 ， 有 
 誤導 選民 的 嫌疑 。 

 台中 罷團 代表 排排 站 ， 有 人頭 戴 工程帽 ， 有 人 穿上 圍裙 ， 這 回 他們 不僅僅 是 罷免 志工 ， 而是 
 要 用 最 稱職 、 最 適合 自己 角色 的 裝扮 ， 號召 7/20 走上 街頭 ， 身穿 "" 戰袍 "" 的 志工 高凡璽 ， 這 半 
 年 放棄 社工 工作 ， 用 台中人 的 角色 ， 投入 罷免 行動 ， 還 有 一些 開 冰品店 、 當 甜點師 的 的 市民 
 ， 也 在 工作 之餘 加入 行列 ， 罷團 號召 百工 百 業 ， 在 周日 下午 三點半 ， 從 台中 市民 廣場 出發 ， 
 預計 遊行 3 公里 ， 陸戰 不 停歇 。 

 17日 下午 ， 國民黨 台中市 黨部 正副主委 ， 並肩 現身 台中 地檢署 ， 按 鈴 提告 ， 他們 指控 近期 在 
 街頭 ， 出現 了 印有 「 726 投 同意 、 救回 國民黨 」 字樣 的 布條 車輛 ， 誤導 群眾 。 

 實際 找到 其中 一 輛 宣傳車 ， 就 停 在 中華 保 台 反共 復國 黨部 外 ， 秘書長 程凱力 證實 ， 車輛 就是 
 由 他們 製作 ， 遭 國民黨 提告 偽造 私文書 罪 及 違反 選罷法 ， 程凱力 強調 ， 自己 也 是 正藍軍 ， 且 
 用 的 也 不 是 黨徽 ， 如今 雙方 各 執 一 詞 ， 將 對簿公堂 。 


5. 附註 、 心得 、 想法 ︰ 
※ 40 字 心得 、 備註  ※
※  「 Live 」 、 「 新聞 」 、 「 轉錄 」 、 「 舊聞 」 及   轉錄 他方 內容 之 文章 
     每 日 發文數 總上限 為 3 篇 ， 自 刪 與 板主 刪除 ， 同樣 計入 額度  ※
 這 個 好像 是 國徽 唄 ， 哪裡 是 黨徽 
 
 有 沒有 國民黨 連 國徽 跟 黨徽 都 分 不 出來 的 八卦 ？ 
 
 國民黨 真的 是 墮落到 地獄 去 了 唄 ， 分 都 分 不 出來 ， 愧對 孫文 跟 兩蔣 ， 叛徒 

--
Sent  from  my  motorola moto g ( 50 )  5G

○  PiTT // PHJCI

--
╬ 信 基督 得 美國 大 魔王 ╬


--
※  發信站 :   批踢踢 實業 坊 ( ptt.cc ) ,   來自 :  114.40.154 .183  ( 臺灣 ) 
 ※  文章 網址 :  https://www.ptt.cc/bbs/Hate Politics/M.1752754956.A.308 .html
 推  h5t6566556 :   這 要 告 哪 條   求解 111.252.108.218 07/17 20:25 
→ geordie:  偽造 文書 跟 選罷法  114.40.154.183 07/17 20:26 
→ mouxey :  自己 黨徽 抄 國徽 笑死 118.231.160.135 07/17 20:29 
 推  kim 1214 :   不 是 黨徽 抄 國徽   是 國徽 抄 黨徽 XDDD  114.45.28.216 07/17 20:30
"

留言斷詞
這要告哪條 求解,這 要 告 哪 條   求解
偽造文書跟選罷法,偽造 文書 跟 選罷法
自己黨徽抄國徽笑死,自己 黨徽 抄 國徽 笑死
不是黨徽抄國徽 是國徽抄黨徽XDDD,不 是 黨徽 抄 國徽   是 國徽 抄 黨徽 XDDD

--------------------------------------------------------------------------------

文章標題,[討論] 為什麼趙少康還有深藍里長投票前要出國？ - 看板 HatePolitics - 批踢踢實業坊
文章內容（斷詞）
"目前 已 知 的 趙少康 726 要 去 東非 
 所以 羅智強 反 罷免 -1
 
 王鴻薇 選區 的 深藍 里長 要 帶 里民 出國 
 所以 王鴻薇 反 罷免 -200 票 
 
 有 什麼 理由 比 投票 還 重要 
 還是 覺得 贏定 了 ？ 
----
Sent  from BePTT on my iPhone  13

--
 ※  發信站 :   批踢踢 實業 坊 ( ptt.cc ) ,   來自 :  1.172.244.66  ( 臺灣 ) 
 ※  文章 網址 :  https://www.ptt.cc/bbs/HatePolitics/M.1752755028.A.53C.html
→ uam:   非 韓 不 投   無 韓 郊遊   趕快 弄成 韓 院長 保衛戰 即     39.14.39.16 07/17 20:24
→ uam:  可     39.14.39.16 07/17 20:24
 推  taso5566:   現在 經濟 大好 , 大家 都 有錢 出國 旅遊 223.137.109.234  07/17 20:25 
→ slimak:  贏定 了 ！     101.9.36.45 07/17 20:25
→ z23061542:  贏定 了   不 差 這 票 223.137.109.216 07/17 20:25
 推  Jaline 5566:  沒 王鴻葳    國民黨 其他 人 上來 更 好  223.1 39.51.207 07/17 20:26 
→ taso 5566 :   對於 有錢人 誰 當 立委 都 沒 差 的 223.137.10 9.234 07/17 20:26 
→ taso 5566:   現實 就 是 大家 不 在意 罷免 這 件 事情 223.137.109.234 07/17 20:27 
 推  room 1301 :   經濟 大好 那 幹嘛 發 錢 呀  36.233.232.174 07/17 20:31 
 推  taso 5566:  經濟 大好 才 會 發錢 223.137.109.234 07/17 20:33
"

留言斷詞
非韓不投 無韓郊遊 趕快弄成韓院長保衛戰即,非 韓 不 投   無 韓 郊遊   趕快 弄成 韓 院長 保衛戰 即
可,可
"現在經濟大好,大家都有錢出國旅遊","現在 經濟 大好 , 大家 都 有錢 出國 旅遊"
贏定了！,贏定 了 ！
贏定了 不差這票,贏定 了   不 差 這 票
沒王鴻葳  國民黨其他人上來更好,沒 王鴻葳     國民黨 其他 人 上來 更 好
對於有錢人誰當立委都沒差的,對於 有錢人 誰 當 立委 都 沒 差 的
現實就是大家不在意罷免這件事情,現實 就 是 大家 不 在意 罷免 這 件 事情
經濟大好那幹嘛發錢呀,經濟 大好 那 幹嘛 發 錢 呀
經濟大好才會發錢,經濟 大好 才 會 發錢

--------------------------------------------------------------------------------

文章標題,[黑特]靠杯Google是不是把大罷免限流了 - 看板 HatePolitics - 批踢踢實業坊
文章內容（斷詞）
"先 上 圖 

https://i.imgur.com/up8IR7t.jpeg 

 紅姐 的 聲量 遠 高於 大 罷免 是 怎麼 回 事 
 
 不過 綠粉 不要 失望 
 
 今天 不 曉得 出 了 什麼 新聞 

 下午 開始 罷免 的 聲量 暴增 

https://i.imgur.com/VZkML2o.jpeg 

 我 不能 說 穩 了 
 
 只 能 說 大成功 

--
 ※   發信站 :   批踢踢 實業 坊 ( ptt.cc ) ,   來自 :  203.204.195.174  ( 臺灣 ) 
※  文章 網址 :  https://www.ptt.cc/bbs/Hate Politics/M.1752755061.A.078.html
 推  slimak:  小草 都 買好 機票 要 約 了 101.9.36.45 07/17 20:25
 ※  編輯 :  Supasizeit  ( 203.204.195.174   臺灣 ) ,  07/17/2025 20:25:22 
 推  metam:  紅姊 超紅 好 嗎 XDDD218.164.135.252  07/17 20:25 
 推  Windk 610i:  中國人 口味 有夠 噁心 111.242.111.242 07/17 20:26 
→ arsian:  藍白 都 喜歡 紅姐   中國 的 就是 讚    114.47.22.38 07/17 20 :28 
 推  etiennechiu:  因為 你 跟 紅姐 比 ， 紅姐 本來 就 很 紅    101.12.207.73  07/17  20:32 
"

留言斷詞
小草都買好機票要約了,小草 都 買好 機票 要 約 了
紅姊超紅好嗎XDDD,紅姊 超紅 好 嗎 XDDD
中國人口味有夠噁心,中國人 口味 有夠 噁心
藍白都喜歡紅姐 中國的就是讚,藍白 都 喜歡 紅 姐   中國 的 就 是 讚
因為你跟紅姐比，紅姐本來就很紅,因為 你 跟 紅姐 比 ， 紅姐 本來 就 很 紅

--------------------------------------------------------------------------------

文章標題,[討論] 是不是白痴，錢被民進黨用掉的都OK - 看板 HatePolitics - 批踢踢實業坊
文章內容（斷詞）
"到底 是 怎樣 的 白痴 
 才 認為 錢 被 民進黨 用掉 也 行 
 
 因為 那 就 是 廢物 
 要不然 就 是 那 堆 乞丐 
 
 垃圾鳥 
 整 天 就 是 廢物 
 
 網軍 也 是 垃圾 
 
 網軍 也 是 乞丐 啦 
 
 幹 
 一 堆 廢物 
 整 天 吸 人民 的 血汗錢 

--
 ※  發信站 :   批踢踢 實業 坊 ( ptt.cc ) ,   來自 :  111.249.185.82   ( 臺灣 ) 
 ※  文章 網址 :  https://www.ptt.cc/bbs/Hate Politics/M.1752755179.A.CF 9.html 
"

--------------------------------------------------------------------------------

文章標題,Re: [討論] 台南獨子修屋頂摔死不能怪賴清德吧 - 看板 HatePolitics - 批踢踢實業坊
文章內容（斷詞）
"民進黨 最近 真的 衰 事 連連 
 
 今天 才 取消 一萬 惹怒 大眾 
 
 然後 今晚 又 有 這 新聞 
 
 偏偏 賴清德 前 陣子 才 說   要 災民 自己 修 
 
 人家 災民 真的 造作 了   然後 摔死 了 
 
 當然 會 怪 到 賴 身 上 
 
 再 加上 今天 的 事件 
 
 這 累積 的 民怨 對 民進黨 非常 傷
 
 現在 應該 只 剩 深綠 的 在 支持 
 
 中間 選民 應該 跑光 了 
 
 就 看 中間 選民 要不要 跑票 囉 
 
-----
Sent  from JPTT  on  my  Samsung  SM-S9110.

--
 ※  發信站 :   批踢踢 實業 坊 ( ptt.cc ) ,   來自 :  39.9.103.164  ( 臺灣 ) 
※  文章 網址 :  https://www.ptt.cc/bbs/HatePolitics/M.1752755245.A.22 E.html
→ geordie :  不要 跟著 發 廢文 好 嗎   114.40.154.183  07/17 20:28 
"

留言斷詞
不要跟著發廢文好嗎,不要 跟 著 發 廢文 好 嗎

--------------------------------------------------------------------------------

文章標題,Re: [討論] 團結十講為何不改成錄播 - 看板 HatePolitics - 批踢踢實業坊
文章內容（斷詞）
"※  引述 《 sf910132   ( 飛過 天空 的 羽毛 yy ) 》 之 銘言 ： 
:  相信 總統 要 做 十 講 前 
:  應該 心 有 腹稿 
:  並 攝取 知識 應對 十 講 
:  花 了 那麼 大 精力 
:  才 講到 四 醬 
:  是 不 是 太 可惜 ? 
:  雖然 說 前面 四 講 
:  被 黨 內外 人士 攻擊 
:  但 如果 剩餘 六 講 
:  不 公開 改錄 播 
:  爭議 言論 可以 先行 刪改 
:  這樣 準備 十 講 的 時間 精力 不 就 不會 白費 了 嗎 ? 
 
 因為 有 一 個 人 
 其實 胸 無 點 墨 、 格局 極 低 、 心胸 狹小 、 顢頇 無能 
 
 執政 至今 
 一事無成 
 政績 掛 『 零 』 


 偏偏 喜歡 看 黨媒 三民 自
 叫 黨媒 洗腦 同溫層 
洗 到 最後 ， 自己 也 愛 看 
 所以 就 連 自己 也 跟著 被 洗腦 了 。 

 就 開始 自我 感覺 良好 
 以為 自己 是 抗 中 保 台 英 主 
 
 認為 自己 支持度 超級 高 
 就 會 自我 膨脹 ， 認為 自己 宇宙 無敵 爆幹 強 
 

 接著 
 就 會 滿懷 信心 
 到處 用 他 無能 且 蹩腳 的 演講 
 企圖 去 同 溫層 說服 別人 
 
 他 根本 不 知道 
 其實 他 的 支持 者 ， 支持 的 是 黨政 媒 網軍 一體 的 共犯 結構 
 根本 不 是 支持 他 這 個 人 
 

 
 結果 就是 
 每每 出丑 
 
 言不及義 ， 顧左右言他 ， 展現 自己 完全 狀況 外 
 連 自己 演講 內容 ， 也 能 互相 矛盾 自己 打臉 
 
 自己人 看 不 下去 
 其他 人 莫名其妙 
 每 講 一 次 就 扣分 一 次 


 但 他 仍然 不 服輸 
 一定 要 講 
 而 黨 內 其他 人 則 是 開始 看 笑話 
 
 畢 竟 一 個 堅持 要 脫光 衣服 的 國王 
 旁邊 全 都 是 平常 只 會 阿諛 諂媚 的 東廠 閹黨 
 又 如何 提出 諫言 ？ 


 到時候 惹到 這 個 白癡 不 爽 
 把 人 拖 去 雞鴨飯 怎麼辦 ？ 
 前 太子 周瑜 不 就 是 最 好 例子 嗎 ？ 


 騎虎難下 
 就 是 這 個 白癡 的 一生 寫照 。 
-----
Sent  from  MeowPtt  on  my SH-M27


--
 ※  發信站 :   批踢踢 實業 坊 ( ptt.cc ) ,   來自 :  49.158.25.236  ( 臺灣 ) 
※  文章 網址 :  https://www.ptt.cc/bbs/Hate Politics/M.1752755330.A.CEE.html 
"

--------------------------------------------------------------------------------

文章標題,[黑特] 原來藍白沒送普發一萬的案子去行政院 - 看板 HatePolitics - 批踢踢實業坊
文章內容（斷詞）
"剛剛 尚毅夫 講 的 ， 他 說 什麼 原因 他 也 不 知道 還 在 問 ， 主持人 推估 因為 送 了 10 天 內 要 覆議 會 卡
 到 7/26 ， 但 奇怪 的 是 藍白 晚 一 天 送 就 7/27 了 變成 根本 沒有 意義 。 

 唯一 最 有 可能 的 解釋 就 是 藍白 自己 也 知道 違憲 ， 所以 做 個 樣子 反正 等 7/26 罷免 過 也 沒 人 會 理 
 ， 講 簡單 一點 就是 做 假 動作 騙騙 底下 的 支持 者 。 

--
Sent  from  my  iPhone  XR

○  PiTT // PHJCI

--
※   發信站 :   批踢踢 實業 坊 ( ptt.cc ) ,   來自 :  45.144.227.59  ( 臺灣 ) 
※  文章 網址 :  https://www.ptt.cc/bbs/Hate Politics/M.1752755337.A.914.html
"

--------------------------------------------------------------------------------

文章標題,[討論] 就是大罷免大成功了才不發一萬 - 看板 HatePolitics - 批踢踢實業坊
文章內容（斷詞）
"這 次 卓榮泰 直接 說 超徵 的 錢 花完 了 
 沒 錢 發 一萬 
 其實 就 是 大 罷免 一定 大成功 了 
 至少 罷免 十幾 席 藍委
 所以 才 能 這麼 直接 的 不 發 一萬 
 版友 也 不用 特別 拉票 什麼 的 
 反正 我們 政府 很 有 信心 

--
 ※   發信站 :   批踢踢 實業 坊 ( ptt.cc ) ,   來自 :  114.24.27.79   ( 臺灣 ) 
 ※   文章 網址 :  https://www.ptt.cc/bbs/Hate Politics/M.1752755391.A.56 B.html
"

--------------------------------------------------------------------------------

文章標題,[新聞] 青鳥不滿捷運搶位「偷拍幼童公審」 網炸 - 看板 HatePolitics - 批踢踢實業坊
文章內容（斷詞）
"1. 新聞 網址 ︰ 
https://www.chinatimes.com/realtimenews/20250717004278 -260407 ?chdtv
2. 新聞 來源 ︰ 
 中時 新聞網 

3. 完整 新聞 標題 ： 
 青鳥 不滿 捷運 搶 位 「 偷拍 幼童 公審 」   網 炸鍋 ： 協尋 郭昱晴 

4. 完整 新聞 內容 ︰ 
 民進黨 立委 郭昱晴 日前 騷擾 公審 路 邊 直 播 民眾 翻車 ， 國民黨 質疑 頻頻 出現 郭 模仿犯 ， 這些 
 青鳥 將 台灣 搞 得 劍拔弩張 、 仇恨 蔓延 ， 撕裂 台灣 社會 。 近日 又 發生 青鳥 公審人 的 離譜 行徑 
 ， 且 還是 在 捷運 上 偷拍 小女孩 玩 手機 。 網友 公憤 「 玩 個 手機 也 要 經過 青鳥 同意 ？ 」 、 「 偷
 拍 手機 涉及 妨害 秘密 」 。 

 青鳥 獵 巫 路人 的 離譜 行徑 ， 郭昱晴 非 第一 人 也 非 最後 一 人 ， 近日 網友 發現 ， 有 一 位 宣傳 「 
大 罷免 大成宮 」 的 青鳥 又 在 獵 巫 路人 ， 且 對象 是 小女孩 。 該 青鳥 Threads 發文 PO 照片 表示 
 ， 傍晚 搭 捷運 ， 一 位 小姐 起身 ， 這 位 小學生 一 個 箭步 衝到 位子 上 坐下 ， 馬上 拿出 手機 在 玩 
 遊戲 。 

 10萬 追蹤 的 打 綠 粉專 「 政客 爽 」 表示 ， 經 查核 該 青鳥 的 臉書 跟 脆 ， 確實 是 支持 大 罷免 的 青
鳥 。 沒想到 現在 青鳥 除了 要 獵 巫 在 路 上 拍照 的 人 ， 更 要 偷拍 公審 坐 在 捷運 座位 上 的 小女孩 
 。 民進黨 大立委 郭昱晴 曾 批評 「 不要 對著 小孩 拍 」 ， 應該 出來 仗 義執 言 ， 不要 跟 柯建銘 一 
樣 只 杖 打 藍白 。 

 政客 爽 直 呼 ， 坐 在 捷運 上 玩 手機 遊戲 是 礙到 你 家 wifi 了 嗎 ？ 還 提到 ， 目前 綠委 郭昱晴 對於 
 該 青鳥 偷拍 幼童 暫 無 批評 。 

 網友 表示 「 知不知道 ， 偷拍 人家 （ 幼童 ） 手機 內容 ， 有 防礙 秘密 的 問題 ？ 」 、 「 協尋 郭昱
 晴 大 立委 」 、 「 玩 個 手機 也 要 經過 青鳥 同意 ？ 」 、 「 人家 小女孩 坐 座位 跟 玩 手機 ， 沒有 違 
規 或 犯法 ， 你 把 人家 照下來 上網 ， 才 是 違法 的 吧 」 、 「 青鳥 只 欺負 弱勢 」 、 「 真的 不能 讓 
 這些 青鳥 再 囂張 下去 」 。 

5. 附註 、 心得 、 想法 ︰ 
※  40 字 心得 、 備註  ※
 民進黨 的 立委 郭 委員 昱晴 小姐 妳 總 該 出來 發 個 聲 吧 ? 
 上 次 是 誰 義正言辭 的 說 不能 對著 小孩 拍 的 ? 
 現在 有 青鳥 不但 對著 小孩 拍 而且 還 放上 Threads 公審 該 女童 ， 
 妳 該 不會 打算 裝死 當做 沒 看到 ? 
 還是 說 妳 打算 說 那 是 藍白粉 在 反串 ? 

--
 lincutt   ( 典 )                                         10/14/10 19:36:15   Thu 
 你 妹妹 能幹   我 妹妹 也 能幹   大家 的 妹妹 都 能幹 ~

--
※  發信站 :   批踢踢 實業 坊 ( ptt.cc ) ,   來自 :  36.229.178.142  ( 臺灣 ) 
※  文章 網址 :  https:/ /www.ptt.cc/bbs/Hate Politics/M.1752755562.A.5E8 . html
"

--------------------------------------------------------------------------------

文章標題,"[討論] 柯文哲=林有德 , 黃國昌=阿姆羅 - 看板 HatePolitics - 批踢踢實業坊"
文章內容（斷詞）
"阿北 靠 著 自己 成立 第三 勢力 
 指揮 民眾黨 這 艘 白色 木馬 前行 
 底下 還 有 被 立法院長 認證 的 政壇 戰神 、 白色 惡魔 - 國昌 老師 
 
 雖然 艦長 暫時 被 囚禁 
 只 能 讓 阿姆羅 帶 7 個 雷包 單打獨鬥 
 但 我 相信 歸隊 的 日子 快 了 
 到時候 阿北 一定 能 在 宇宙 中 闖出 自己 的 天地 

--
 ※   發信站 :   批踢踢 實業 坊 ( ptt.cc ) ,   來自 :   1.163.194.75  ( 臺灣 ) 
※  文章 網址 :  https://www.ptt.cc/bbs/Hate Politics/M.1752755583.A.0BF.html 
"

--------------------------------------------------------------------------------

文章標題,[黑特] 不普發，就大罷免大失敗逼你發 - 看板 HatePolitics - 批踢踢實業坊
文章內容（斷詞）
"我 就是 看 不 懂 啦 
 前 幾 次 不 是 也 超徵 
 為何 民進黨 就 可以 發 
 
 這 次 國民黨 主張 的 
 民進黨 就 小 鼻子 小 眼睛 在 那 擋 
 
 民進黨 就是 欠 人 教訓 
 錢 都 亂 用 不 知道 跑 哪 去 了 
 只有 讓 民進黨 大 失敗 才 可能 收斂 吧 

--
 ※  發信站 :   批踢踢 實業 坊 ( ptt.cc ) ,   來自 :  101.12.176.29  ( 臺灣 ) 
 ※  文章 網址 :  https://www.ptt.cc/bbs/Hate Politics/M.1752755617.A.5E1.html 
"

--------------------------------------------------------------------------------

文章標題,[公告] 本板關於分身違規之規定彙整 - 看板 HatePolitics - 批踢踢實業坊
文章內容（斷詞）
"本 板 禁止 於 水桶 期間 使用 分身 帳號 推 發文 
 本 板 之 分身 規定 為 1-5 、 1-6 

 板主 可 依照 群組 規定 至少 兩 組 以上 相同  IP  紀錄 ， 得 將 其 視為 同 一 使用 者 帳號 

5. 違規 者 （ 無論 本尊 / 分身 ） 於 最 新 違規 發生日 之前 一 年度 相對日 內 
　 （ 非 水桶 日期 ） 再度 違規 為 累犯 者 ， 並 以 該 期間 該 使用 者 所有 帳號 違規 次數 為 前科數 ， 
　 違規 次數 應 採 「 前科 累積 加重 水桶 」 。 
　 ( 板主 可 依照 帳號部 歷史 公告 判定 或 帳號部 公告 之 簡易 認定 程序 處置 ） 
　 水桶 天數 ＝ 判決 水桶 * ( 前科數 + 違規數 ) 
6. 使用 分身 /Bug 規避 板規 或 水桶 ， 經 確認 後 本尊 / 分身 皆 判決 原 判決 *2＋ 剩餘 天數 ， 
   違規 期間 發文 全數 退文 且 水桶 自 新 公告 起 計算 。 

 本 公告 發文 當下 之 最 新 板務部 規定 ↓

5/30 zeuswell      轉   [ 公告 ]   板務部 多重 帳號 送件 辦法 修正 Ver2.0 
┌─────────────────────────────────────┐
│  文章 代碼 ( AID ) :  #1 cM7 YehJ  ( Hate Politics )  [ptt.cc ]  Fw: [ 公告 ]   板務部 多重 帳  │
│  文章 網址 :  https://www.ptt.cc/bbs/HatePolitics/M.1717074088 .A.AD3.html    │
│  特殊 文章 ， 無 價格 記錄                                                      │
└─────────────────────────────────────┘

 本 公告 發文 當下 之 最 新 群組 規定 ↓

6/10  zeuswell      轉   [ 公告 ]   生活 娛樂館   多重 帳號 處置 臨時 辦法 
┌─────────────────────────────────────┐
│  文章 代碼 ( AID ) :  #1cPk2mm_  ( Hate Politics )  [ptt.cc ]  Fw:  [ 公告 ]   生活 娛樂館  ? │
│  文章 網址 :  https://www.ptt.cc/bbs/Hate Politics/M.1718018224 .A.C3F.html    │
│  這 一 篇 文章 值  0 Ptt幣                                                      │
└─────────────────────────────────────┘

--
※  發信站 :   批踢踢 實業 坊 ( ptt.cc ) ,   來自 :  36.239 .100.212  ( 臺灣 ) 
 ※   文章 網址 :  https://www.ptt.cc/bbs/Hate Politics/M .1746862087.A.69 D.html 
"

--------------------------------------------------------------------------------

文章標題,[公告] 政治黑特板板規__20250611 - 看板 HatePolitics - 批踢踢實業坊
文章內容（斷詞）
"╭──────╮
│ 第一 章    總則 │
╰──────╯
￣￣￣￣￣￣￣￣ 
1 . 本 板 接受 中華民國 政府 頒布 之 法律 ， 教育部 學術 網路 公約 ， 以及 PTT 站方 制定 之 站 規管 
   轄 。 

2. 本 板 為 政治 黑特板 ， 主旨 在於 討論 政治 / 民生 / 社會 現狀 等 相關 議題 。 

3. 文章 標題 、 文章 內容 、 發文 者 簽名檔 ， 皆 視同 發文 本體 ， 其 內容 應 遵守 板規 。 

4. 各 項 違規 依 違規 事項 所屬 章節 處置 ， 連續 違規 者 依 各 章節 區分 違規 及 前科數 ， 板主 得以 
   視 情節 給予 處分 ， 並 依 連續 違規 條文 （ 第五 節 ） 計算 水桶 天數 。 

5. 違規 者 （ 無論 本尊 / 分身 ） 於 最 新 違規 發生日 之前 一 年度 相對日 內 
　 （ 非 水桶 日期 ） 再度 違規 為 累犯 者 ， 並 以 該 期間 該 使用 者 所有 帳號 違規 次數 為 前科數 ， 
　 違規 次數 應 採 「 前科 累積 加重 水桶 」 。 
　 ( 板主 可 依照 帳號部 歷史 公告 判定 或 帳號部 公告 之 簡易 認定 程序 處置 ） 
 　 水桶 天數 ＝ 判決 水桶 * ( 前科數 + 違規數 ) ， 違規 者 處分 水桶 前 之 違規 案例 合併 計算 

6. 使用 分身 /Bug 規避 板規 或 水桶 ， 經 確認 後 本尊 / 分身 皆 判決 原 判決 *2＋ 剩餘 天數 ， 
   違規 期間 發文 全數 退文 且 水桶 自 新 公告 起 計算 。 
   ( 分身案 追溯 期限 為 最後 一 次 違規 推 發文 起算 一 年 ) 

7. 所有 水桶 / 前科 紀錄 定期 歸檔 。 

8. 所有 板務 應 依 政黑 / 政檢 規定 執行 / 處分 ， 結果 應 公開 於 板面 上 ， 並 以 政檢板 文章 為準 。 
  （ 刪除 / 退文 主動 處置 之 違規 不在此限 ， 但 結果 應 公開 於 政黑 / 政檢 板面 上 ） 

╭────────╮
│ 第二 章    文章 分類 │
╰────────╯
￣￣￣￣￣￣￣￣￣￣ 
1 . 本 板 發文 請 遵守 本 板 主旨 、 標題 分類 與 分類 格式 ， 違者 刪除 。 

2. 發表 文章 須 40 個 繁體 中文字 以上 。 作者 本人 轉錄 文章 以 轉錄 文章 字數 計數 。 
　 ( 簽名檔 、 網址 、 無意義 字詞 、 轉錄 他人 文章 、 他方 平台 及 轉錄 / 發表 新聞 內容 不 計入 ) 
　 禁止 手動 置 底 相似 文章 或 發 / 推文 過多 簡體字 ， 以上 違者 刪除 。 

3. 本 板 文章 標題 分類為 『 黑特 』 、 『 討論 』 、 『 創作 』 、 『 Live 』 、 『 轉錄 』 
   『 新聞 』 、 『 舊聞 』 、 『 公告 』 ， 其餘 分類 隨 公告 而 動態 增減 。 

4. 標題 分類 使用 說明 ： 
  a. 黑特 ： 心情 抒發 / 幹意 發洩 等 。 
  b. 討論 ： 時事 / 政治 / 民生 / 政問 / 獨家 / 政府 決策 等 討論 。 
　c. 創作 ： 延伸 創作 / 空想 / 惡搞 等 。 
　d.Live ： 政論 節目 / 政府 實況 / 公民 轉播 等 。 
  e. 轉錄 ： 社論 / 他 板 文章 / 其他 平台 資料 等 。 
  f. 新聞 ： 張貼 付 有 來源 之 新聞 。 
  g. 舊聞 ： 超出 三 日 之 新聞 / 社群 、 社論 轉錄 。 
  h. 公告 ： 板主 專用 分類 。 

5. 「 Live 」 、 「 新聞 」 、 「 轉錄 」 、 「 舊聞 」 及 轉錄 他方 內容 遵守 下列 規定 ， 違者 刪除 。 
 a. 字數 認定 依 板規 2-2 處置 。 
 b. 每 日 此 類 文章 上限 3 篇 。 （ 任何 原因 自刪 及 被 板主 刪除 均 計入 額度 ） 
 c. 來源 為 外站 者 ， 須 附上 有效 原文 連結 或 短 縮址 。      https://reurl.cc/main/tw
 d. 此 分類 文章 禁止 多 篇 合併 發文 或 使用 其他 分類 / 回文 偷渡 。 
 ( 如 以 規範 外 形式 發表 文章 ， 應 節錄 重點 不得 全 文 ) 
 e. 重複 發表 存於 板面 之 相同 來源 或 內容 文章 。 
 f. 「 Live 」 文章 限 發表 節目 首播 24 hr 內 之 政論 節目 / 政府 實況 / 公民 轉播 等 。 
 g. 「 新聞 」 、 「 轉錄 」 文章 限 發表 3 天 內 之 新聞 、 社論 / 他版 文章 /FB/ 其他 平台 資料 等 。 
 h. 除 4-3 規範 之 事項 外 ， 「 新聞 」 、 「 轉錄 」 、 「 舊聞 」 應 完整 轉錄 該 文 且 禁止 修改 原文 。 
 i. 轉錄 他板 文章 應 原 作者 同意 ， 並 刪除 原文 下 之 推文 。 
 j. 原文 為 外文 者 ， 須 附上 簡易 翻譯 。 
 k. 轉錄 來源 為 FB ， 須 為 公眾 人物 或 牽涉 公眾 / 政治 議題 。 
 l. 「 新聞 」 、 「 轉錄 」 、 「 舊聞 」 標題 須 為 原 新聞 或 社論 標題 且 從頭 張貼 ， 
    不得 任意 刪減 。 此 類 文章 內文 應 張貼 完整 原 標題 ， 
    轉錄 來源 為 FB/ 推特 ， 則 標題 須 為 來源 名稱 。 ( ex: 人名 、 粉絲團 名 …etc  ) 
 m. 轉錄 站方 公告 不 受 2-2 、 2 -5-i 限制 ， 嚴禁 修改 內文 及 濫用 ， 並 計入 2-5 每 日 額度 。 

6. 「 公告 」 限 板主 使用 ， 板主 使用 公告 及 轉錄 站方 公告 不 受 板規 第二 章 及 第八 章 限制 。 

7. 政黑板 嚴禁 於 板面 上 發文 討論 他 板 板務 ( 公告 、 修改 板規 與 之 內容 ) ， 違者 刪除 。 

8. 張貼 公益 救助 / 學術 調查 / 活動 宣傳 等 ， 應 詢問 板主 並 得到 任一 板主 單次 同意 ， 違者 刪除 。 

9. 每 日 發文 / 回文 上限 5 篇 ， 禁止 手動 置底 相似 文章   違者 超 貼 文章 刪除 。 
  （ 任何 原因 自刪 及 被 板主 刪除 均 計入 額度 ） 

10. 嚴禁 任何 方式 公開 站內信 / 水球 紀錄 且 未 經 當事人 同意 ， 違者 水桶 7 天 並 刪除 。 

11. 嚴禁 修 / 刪 本 板 板友 推文 （ 除 板主 執行 個資 保護 與 板務 處理 外 ） ， 違者 水桶 7 天 。 

12. 預留 空 條款 

13. 預留 空 條款 

14. 預留 空 條款 

15. 預留 空 條款 

16. 若 違規 條文 沒有 明定 水桶 天數 ， 則 以 正常 水桶 之 天數 （ 7 天 ） 處 之 。 

╭─────────────╮
│ 第三 章    言語 ／ 漫罵 攻擊 規範 │
╰─────────────╯
￣￣￣￣￣￣￣￣￣￣￣￣￣￣￣　
 判決 要件 : [ 特定 的 對象 / 群體 ] 與 [ 明顯 貶抑 詞語 ] ， 需 兩 者 皆 有 應 視為 言語 / 漫罵 攻擊 。 

1 . 本 板 不 鼓勵 言語 攻擊 ， 發 / 推文 皆 受 規範 ， 違反 本 章 規定 者 水桶 35 天 ， 
 欲 檢舉 者 需 提出 　 滿足 板規 3-2 「 特定 對象 」 之 舉證 ， 若 多數 板主 判定 不符 則 不 受理 。 
2. 特定 對象 

  a.PTT 使用 者 ， 如 (1) ID,  ( 2 ) 暱稱 / 代稱 ,   ( 3 ) 討論 上下文 行為 等 
　　　　　　  ( 1 )  ( 2 ) 客觀 可 確認為 針對 特定 使用 者 ，   ( 3 ) 由 板主 判定 。 
　b. 未 明確 對象 ， 但 回文 特定 對象 之 文章 / 推文 ， 並 發表 非 針對 文章 ／ 推文 之 攻擊 內容 。 
　c. 指定 推文 樓層 並 發表 非 針對 推文 之 攻擊 內容 


3. 明顯 貶抑詞 定義 :   經由 下述 網站 判決書 / 辭意 判斷 ， 詞義 相同 且 能 證明 貶抑 之 意 。 
   若 使用 判決書 系統 ， 須為 有罪 判決 ； 只 接受 妨害 名譽 / 公然 侮辱 等 案由 判決書 。 
   裁判書 系統 ： http://goo.gl/BqhOjY
   萌典 ： https://www.moedict.tw
 允許 ( 1 ) . 發語詞 以及 同 義 但 不同 口語 間 轉換 之 使用 
     ( 2 ) . 詞語 雖 具 貶抑 但 不 具 攻擊 屬性 
         此 部分 交由 板主 判斷 

4. 鼓吹 暴力 言論 / 以 非法 手段 嚴重 損害 特定 對象 生命 財產 安全 之 言論 ， 視同 違反 本 章 規定 。 

5. 公眾 政治 人物 / 政府 機關 / 政治 族群 / 經 媒體 披露 / 社會 議題 相關 團體 者 等 ， 不 受 此 章 保護 。 

6. 非 政治 群體 ， 如 攻擊 行政 區域 地緣 / 宗族 / 信仰 / 興趣 / 性別 / 性傾向 / 學歷 / 職業 等 ， 
   水桶 7 天 。 

╭──────╮
│ 第四 章    鬧板 │
╰──────╯
￣￣￣￣￣￣￣￣ 
 以 自刪 規避 板規 ， 視同 鬧板 ， 依 本 章 板規 處置 。 

1. 禁止 非 板主 者 發 / 回 公告文 ， 違者 水桶 90 天 並 退文 刪除 。 

2. 非 公告 參選 時間 發表 參選文 ， 違者 水桶 90 天 並 退文 刪除 。 

3. 文章 內容 有 商業 廣告 / 政治 獻金 相關 連結 / 媒體 、 社群 刊載 之 血腥 圖片 ， 應 刪除 後 再 張貼 。 
　 違者 文章 / 推文 刪除 水桶 30 天 。 

4. 危害 公眾 言論 / 色情 / 自殺 / 煽動 、 唆使 他人 自殺 / 病毒 / 竊取 個資 / 影射 或 透漏 他人 個資 等 
   內容 或 連結 ， 禁止 發 / 推文 於 本 板 ， 違者 文章 退文 刪除 水桶 90 天 ， 推文 刪除 水桶 180 天 。 
   如 違規 為 發文 板主 可 逕行 鎖 文 / 刪文 處置 ， 如 違規 為 推文 可 逕行 刪除 推文 ， 惟 水桶 處分 
   仍 須 在 政檢板 另行 貼文 合議 討論 之 。 
 ( 任 一 板主 於 接獲 檢舉 或 巡查 發現 本 項 違規 可 直接 執行 違規 處置 ， 惟 仍 需 公告 於 政黑板 。 ) 

   色情 言論 之 範圍 包括 但 不限於 ： 
   (1)  針對 公眾 具有 攻擊 、 侮辱 、 騷擾 、 仇恨 等 情節 且 造成 他人 明顯 不適 。 
   (2)  對 特定 個人 （ 包含 板友 、 公眾 人物 ） 發表 包含 性徵 或 性行為 之 描述 且 具有 
       攻擊 、 騷擾 、 仇恨 言論 、 暴力 、 或 性 羞辱 之 暗示 
   兒少 相關性 暗示 或 內容 一律 禁止 ， 無論 情節 輕重 ， 違者 刪文 並 視 情節 加重 處置 。 


5. 境 外 IP 使用 者 「 發文 」 內容 經 IFCN 認證 之 事實 查核 相關 網站 查詢 為 錯誤 、 誤導 或 不 正確 
   等 訊息 ， 並 經由 板主群 多數 決 認定 ， 處以 退文 刪除 及 水桶 180 天 。 
   台灣 事實 查核 中心      https://tfc-taiwan.org.tw
  MyGoPen              https://www.mygopen.com

   備註 : 檢舉人 須 提供 查核 確定 錯誤 資料 。 

6. 多 篇 文章 下 ， 8 小時 內 重複 、 無意義 、 相同 / 相似 之 推噓文 達 5 次 以上 或 
   多 篇 不 正常 推噓文 達 2 次 （ 5 篇 ） ， 違規 一 次 水桶 14 天 。 板主 得 依 情況 將 文章 推薦值 歸零 。 
  ( 板主 處理 板務 可 不 列入 ) 

7. 單篇 文章 下 ， 重複 、 無意義 、 相同 / 相似 之 推噓文 、 不 正常 連續 推噓文 達 3 次 以上 ， 
　 違規 一 次 水桶 14 天 。 板主 得 依 情況 將 文章 推薦值 歸零 。 
  ( 板主 處理 板務 可 不 列入 ) 

8. 嚴禁 編輯 偽造 本 板 板友 或 文章 推文 （ 除 板主 執行 個資 保護 與 板務 處理 外 ） ， 
　 違者 水桶 90 天 ， 發表 文章 退文 。 

╭ ──────────╮
│ 第五 章 　 修改 板規 相關 │
╰──────────╯
￣￣￣￣￣￣￣￣￣￣￣￣
1. 新 修 板規 由 全體 板主 應 由 可 紀錄 方式 達成 共識 通過 後 ， 由 任 一 板主 公布 並 置底 。 

2. 新 修 板規 於 公佈 時 應 標注 生效 年 月 日 時 分 ， 且 生效 時間 應 大於 發文 時間 1 hr 
   以 此時 視為 新 板規 生效 。 

3. 所有 新 修 板規 皆 不 溯及既往 。 

4. 板 主群 發布 新 板規 後 需 有 7 天 宣導期 ， 且 須 置底 於 板 上 。 
  （ 七 天 宣導 期間 ， 違反 新 板規 應 公告 提醒 不 處分 ， 舊 板規 違規 依照 舊 板規 處置 ） 

╭────────╮
│ 第六 章 　 板主 規範 │
╰────────╯
￣￣￣￣￣￣￣￣￣￣
1. 板主 規範 為 板主 自律 之 規範 ， 與 板主 權限 相關 皆 須 明定 於 此 章 。 如 修改 ， 應 公佈 並 置底 
　 修改 後 板規 ， 並 耗期 7 天 投票 表決 （ 接受 / 不 接受 ） ， 違者 修改 無效 。 

2. 政黑板 板主 任期 為 1 年 1 任 ， 得 連選 連任 一 次 。 

3. 政黑板 板主 應 為 3 位 ， 如 因 罷免 / 辭職 / 解職 等 ， 應 進行 投票 遴選 新 板主 補滿 剩餘 任期 。 

4. 板主 遴選 須 透過 板友 投票 表決 ， 禁止 私相授受 ， 違者 板主 / 新 板主 應 自請 解職 且 
　 不得 連任 。 
  ( 選舉 資格 : 登入 300 次 / 發文 200 篇 / 政黑 20 篇 以上 ， 前 兩 者 條件 以 生活 娛樂 組 規 為準 
   設籍 於 台 澎 金馬 等 中華民國 目前 治權 所在地 之 地區 板友 方 能 參與 板主 競選 。 海外 地區 
   大陸 港澳 地區 使用 者 視為 外國人 ， 無 參選 資格 。 )  

5. 舊 任 板主 應 於 任期 結束 前 2 個 月 ， 開始 舉辦 新任 板主 選舉 ， 並 於 選舉 結果 出來 後 ， 
　 與 新任 板主 討論 交接 時程 並 公告 之 ， 不得無故 拖延 交接 ， 違者 應 自請 解職 。 

6. 板主 對於 言語 攻擊 ／ 謾罵 攻擊 ／ 需 為 2 位 以上 板主 有 共識 方 能 處理 之 違規 ， 應 被動 處理 
   ， 待 有 人 檢舉 後 才 能 進行 判決 。 （ 除 第六 章 6-7 規範 之 項目 ） 

7. 板主 對於 採 刪除 / 退文 處置 之 違規 ， 得 主動 處理 ， 以 維護 板面 秩序 。 
  （ 第一 章 1-6 、 第二 章 及 第四 章 除 4-6 4-7 外 ） 

8. 暫行 板規 規範 
　板 主群 若 有 意外 情況 需 使用 暫行 板規 ， 應 在 共識決 後 取得 板友 多數 同意 且 於 政黑板 上 舉 
　 辦 公投 。 且 應 註明 ： 暫行 板規 名稱 與 規範 ， 暫行 板規 時限 。 
　 投票 時間 為 72 小時 ， 通過 後 直接 生效 。 

9. 若 板主 本身 違規 ， 視為 一般 使用 者 身份 ， 由 其他 板主 代為 處理 判決 。 

10. 所有 判決 / 板規 / 爭議 判決 為 2 位 以上 板主 有 共識 下 執行 ， 
    若 不足 2 位 則 依據 先前 已 定 共識 。 

11. 所有 板務 處理 ， 應 公開 於 板面 上 ， 並 以 政檢板 文章 為準 。 
　 （ 刪除 / 退文 主動 處置 之 違規 不在此限 ， 但 結果 應 公開 於 板面 上 ） 

 12. 若 板務 處理 上 板主 意見 不同 ， 嚴禁 進行 獨斷 處理 且 其 處理 無效 ， 待 有 共識 後 才 行 處理 。 

13. 舉辦 板主 遴選 投票 時 ， 除 政見 外 ， 得 要求 參選人 表態 是否 上任 後 願意 遵守 第六 章 板規 
    以 供 板友 作為 板主 投票 之 參考 。 

14. 本 板 板務 僅 為 板面 秩序 維護 者 / 板規 解釋 / 仲裁 者 ， 無法 為 任 一 板友 之 言論 背書 或 
    限制 其 言論 （ 除 違反 板規 外 ） ， 本 板 板務 由 此 善盡 善良 管理人 的 責任 。 

╭─────────╮
│ 第七 章    小 板主 規範 │
╰─────────╯
￣￣￣￣￣￣￣￣￣￣￣
1. 本 規範 為 小 板主 相關 設立 、 職權 、 解職 相關 的 的 規章 。 

2. 任命 方式 為 ： 

   板友 私信 板主 ， 或 板主 自行 推薦 。 

   經 板主群 討論 同意 後 ， 由 板主 直接 任命 。 

3. 小 板主 任期 為 一 年 一 任 ， 經由 板主 同意 得 連任 ， 小 板主 最多 不可 超過 4 位 。 

4. 板主 任期 屆滿 一 並 解職 ， 另外 如 小 板主 有 失職 情形 。 經 全體 板主 同意 後 直接 解任 。 

5. 小 板主 職權 為 精華區 相關 整理 、 參與 檢舉 相關 流程 、 或 其他 板主 委託 的 事務 。 

6. 申請 M文 與 精華區 流程 ( M文 方式 不限於 此 ) ： 

   板友 如 有 希望 M 或 收 精華區 的 文 可 於 該 文章 發表 後 2 個 禮拜 前 向 小 板主 寄 信 申請 
   經 小 板主 審核 同意 後 該 文章 將 M文 或 收入 精華區 

   M文 參考 標準 ： 有 資料 分析 者 、 優良 創作 文章 ... 等等 之類 的 


╭───────────────╮
│ 第八 章    檢舉 申訴 制度 與 板務 相關 │
╰───────────────╯
1. 政黑板 之 檢舉文 / 申訴文 / 須 發表 HateP_Picket 政檢板 ， 違者 不 受理 並 刪除 並 水桶 七 天 。 

2. 討論 本 板 或 政檢板 務 需 發表 於 政檢板 ， 如 在 政黑板 發文 討論 板務 ， 
   違規 者 刪除 並 水桶 七 天 。 

3. 其他 相關 規定 請 參閱 政檢板 ( HateP_Picket ) 板規 。 


                                政治 黑特 板板規 _20250611 20250611_0700 起 生效 


--
※  發信站 :   批踢踢 實業 坊 ( ptt.cc ) ,   來自 :  111.254.74.8   ( 臺灣 ) 
※  文章 網址 :  https://www.ptt.cc/bbs/Hate Politics/M.1749591344 .A.C7 E.html
"

--------------------------------------------------------------------------------

文章標題,[公告] 7/16起 不得討論726罷免相關民調 - 看板 HatePolitics - 批踢踢實業坊
文章內容（斷詞）
"公職 人員 選舉 罷免法   第 53   條 

1  政黨 及 任何 人 自 選舉 公告 發布 或 罷免案 成立 宣告 之 日 起 至 投票日 十 日 前 所 為 有關 候選人 
 、 被 罷免人 或 選舉 、 罷免 民意 調查 資料 之 發布 ， 應 載明 負責 調查 單位 、 主持人 、 辦理 時間 
 、 抽樣 方式 、 母體數 、 樣本數 、 誤差值 及 經費 來源 。 

2  未 載明 前 項 應 載 事項 及 其他 各 式 具 民意 調查 外觀 之 選舉 罷免 資料 ， 於 前 項 期間 ， 均 不得 
 發布 、 報導 、 散布 、 評論 或 引述 。 但 參選 之 政黨 、 候選人 、 提議人 之 領銜人 或 被 罷免人 自 
行 推估 者 ， 不在此限 。 

3  政黨 及 任何 人 自 投票日 前 十 日 起 至 投票 時間 截止 前 ， 不得 以 任何 方式 ， 發布 、 報導 、 散
布 、 評論 或 引述 前 二 項 資料 。 

 感謝 不得 討論 民調 大神 3r 提醒 
https://i.meee.com.tw/s4fSF73.png


--
 ※   發信站 :   批踢踢 實業 坊 ( ptt.cc ) ,   來自 :  1.173.185.135   ( 臺灣 ) 
※   文章 網址 :  https://www.ptt.cc/bbs/Hate Politics/M.1752502183.A.C02 .html 
噓  Rrrxddd:  唉  42.79.160.171 07/14 22:10
→ rickcoo:  我 只 信 新腦 民調  220.141.68 .169 07/14 22:10 
→ Rrrxddd:  請 你 幫 m 我 要 收集   42.79.160.171  07/14 22:11 
 推  soria:   燒 炭 算 嗎 ╮ ( ╯_╰ )╭ 223.137.191.85 07/14 22:11 
→ Berotec:  已 m  1.173.185.135  07/14 22:11 
 推  TWTP2018:  以後 要 比 3 r 快 笑 屎 慢 63 r98 開心 gy 太上皇 74  61.30.132.110 07/14 22:11 
→ Berotec:  我 沒 注意 以前 都 有 在 po ._.  1.173.185.135 07/14 22:12 
 噓  LearnLong: OP 了   R 版主 已經 說 過 了   61.60.245.200 07/14 22:12 
 推  keltt:  街頭 有 派對 搞笑 瞑釣 算 嗎 ？ 111.241.116.233  07/14 22:13 
→ Berotec:  他 不 是 么吉   他 是 討論  欸 黑    1.173.185.135  07/14 22:13 
→ Berotec:  新腦 燒炭 派對 應該 都 算 捏   以1 的 標準   1.173.185.135 07/14 22:14 
→ Rrrxddd:  街 訪 網路 調查   都 算  望周知   42 .79.160.171 07/14 22:14 
→ Rrrxddd:  你 各位 自己 注意   42.79.160.171  07/14 22:14
→ Berotec:  我 也 不 朱 到   不要 討論 卡 安全    1.173.185.135  07/14 22:14 
→ Rrrxddd:  什麼 網路 投票 都 是   42.79.160.171  07/14 22:14 
→ Berotec:  喔喔 開釋 了    1.173.185.135  07/14 22:14 
→ Rrrxddd: https://reurl.cc/0WDbLb  42.79.160.171 07/14 22:15 
→ Rrrxddd:  貼給 塔綠班綠 共   42.79.160.171 07/14 22:15
 推  keltt:  民調 啥 的 跟本 像 沱屎 ， 每 個 都 沒有 針對 個別 罷 111.241.116.233  07/14 22:16 
 推  holysong:  如果 發 在 youtube 違法 嗎 ？ 會 被 政府 告 嗎 ？  122.118.100.91  07/14 22:16 
→ keltt:  免 選區 做 足夠 的 隨機 取樣 。 看 民調 還不如 看 我 111.241.116.233 07/14 22:16 
→ keltt:  們 政黑 至 寶doig 的 預言 111.241.116.233 07/14 22:17
 推  fhjqwefs:  沒 錯 我 只 信 我們 政黑 之 寶 doig 開示 的 0 席      1.34.140.9 07/14 23:17
 推  lbowlbow:  預言 能 算 一 種 民調 嗎 ？ 118.168.195.163 07/14 23:23 
→ JoJo2330:  現在 也 沒 什麼 人 在 信 民調 吧 ， 都 是 拿來 調    61.228.18.32 07/15 00:18 
→ JoJo2330: 侃 的 。    61.228.18.32 07/15 00:18
 推  cheng 7:  民調 早 就 被 玩壞 了 111.250.192.189  07/15 00:24
 推  quid1121:  看看 台中 民調 第一 就 知道 了 ~  民調 跟 屎 一   36.239.66.231 07/15  07:56 
→ quid 1121 :   樣 ~  36.239.66.231 07/15 07:56 
 推  alex2009:   民調 不 是 可以 人工 製造 的 產品 嗎 ？  柯 看  111.82.130.250 07/15 09:22 
→ alex2009:   柯撈仔 選舉 前 的 民調  111.82.130.250 07/15 09:22 
 推  sanders : 0 關稅 但是 大量 傾銷 中國貨 把 你 的 產業 捲死  59.120.192.196  07/15  12:26 
 推  Pegasus 170:   已經 有 板友 有 機會 成為 國庫 貢獻 者 了 ^_  184.147.45.96  07/17 20:02 
→ Pegasus 170:  ^  184.147.45.96  07/17 20:02 
"

留言斷詞
唉,唉
我只信新腦民調,我 只 信 新腦 民調
請你幫m我要收集,請 你 幫 m 我 要 收集
燒炭算嗎╮(╯_╰)╭,燒 炭 算 嗎 ╮ ( ╯_╰)╭
已m,已 m
以後要比3r快笑屎慢63r98開心gy太上皇74,以後 要 比 3 r 快 笑 屎 慢 63 r 98 開心 gy 太上皇 74
我沒注意以前都有在po ._.,我 沒 注意 以前 都 有 在 po ._.
OP了  R版主已經說過了,OP 了   R 版主 已經 說 過 了
街頭有派對搞笑瞑釣算嗎？,街頭 有 派對 搞笑 瞑釣 算 嗎 ？
他不是么吉 他是討論 欸黑,他 不 是 么吉   他 是 討論   欸 黑
新腦燒炭派對應該都算捏 以1的標準,新腦 燒 炭 派對 應該 都 算 捏   以 1 的 標準
街訪網路調查 都算 望周知,街訪 網路 調查   都 算  望周知
你各位自己注意,你 各位 自己 注意
我也不朱到 不要討論卡安全,我 也 不 朱 到   不要 討論 卡 安全
什麼網路投票都是,什麼 網路 投票 都 是
喔喔開釋了,喔喔 開釋 了
https://reurl.cc/0WDbLb,https://reurl.cc/0 WDbLb
貼給塔綠班綠共,貼給 塔綠班綠 共
民調啥的跟本像沱屎，每個都沒有針對個別罷,民調 啥 的 跟本 像 沱屎 ， 每 個 都 沒有 針對 個別 罷
如果發在youtube違法嗎？會被政府告嗎？,如果 發 在 youtube 違法 嗎 ？ 會 被 政府 告 嗎 ？
免選區做足夠的隨機取樣。看民調還不如看我,免 選區 做 足夠 的 隨機 取樣 。 看 民調 還不如 看 我
們政黑至寶doig的預言,們 政黑 至寶 doig 的 預言
沒錯我只信我們政黑之寶doig開示的0席,沒 錯 我 只 信 我們 政黑 之 寶 doig 開示 的 0 席
預言能算一種民調嗎？,預言 能 算 一 種 民調 嗎 ？
現在也沒什麼人在信民調吧，都是拿來調,現在 也 沒 什麼 人 在 信 民調 吧 ， 都 是 拿來 調
侃的。,侃 的 。
民調早就被玩壞了,民調 早 就 被 玩壞 了
看看台中民調第一就知道了~ 民調跟屎一,看看 台中 民調 第一 就 知道 了 ~   民調 跟 屎 一
樣~,樣 ~
民調不是可以人工製造的產品嗎？ 柯看,民調 不 是 可以 人工 製造 的 產品 嗎 ？  柯 看
柯撈仔選舉前的民調,柯撈仔 選舉 前 的 民調
0關稅但是大量傾銷中國貨把你的產業捲死,0 關稅 但是 大量 傾銷 中國貨 把 你 的 產業 捲死
已經有板友有機會成為國庫貢獻者了^_,已經 有 板友 有 機會 成為 國庫 貢獻 者 了 ^_
^,^

--------------------------------------------------------------------------------

