文章標題,[討論] 柯建銘，下；王義川，上 - 看板 HatePolitics - 批踢踢實業坊
文章內容（斷詞）
"先 聽 首 歌 ， 好 嗎 ？ 
https://youtu.be/h8zx A5xtKS0?si=LYZNIv1pu2pK3L4 M

 這 次 大 罷免 失 烙賽 ， 很多 青鳥 在 家 哭 了 好幾 天 
 
 他們 依依不捨 柯建銘 離開 

 擦乾 眼淚 別 難過 
 
 我 有 神帖 給 民進党 參考 
 
 「 柯建銘 下去 ； 王義川 上來 」 
 
 憨川 啊 ， 伊 係 咱 a 寶貝 ～ 
 
 這下 藍白 再 也 不 敢 監督 政府 了 
https://i.imgur.com/089 TgQW.jpeg 

--
※  發信站 :   批踢踢 實業 坊 ( ptt.cc ) ,   來自 :  59.115.72.58  ( 臺灣 ) 
※  文章 網址 :  https://www.ptt.cc/bbs/HatePolitics/M.1756220544.A.E9E.html
"

--------------------------------------------------------------------------------

文章標題,Re: [新聞] 「柯建銘必須離開國會」 朱立倫：他留立 - 看板 HatePolitics - 批踢踢實業坊
文章內容（斷詞）
"※  引述   《 zebra101 》   之 銘言 ： 
:  朱立倫 這 招 太 狠 了 。 
:  很 明顯 國民黨 巴不得 柯建銘 留 著 當 敗票機 ， 現在 朱立倫 身為 黨主席 的 敏感 身份 ， 這樣 明確 
:  喊出來 反而 破梗 了 ， 如果 民進黨 真的 照 做 豈不是 很 沒有 面子 ？ 堂堂 執政黨 要 聽 反對黨 主席 
:  指揮 自己 ？ 可能 民進黨 真的 為 了 面子 硬 扛 ， 就 偏 不 換 柯 ， 反而 中 了 國民黨 的 詭計 ， 朱立倫 
:  真的 太 狠毒 。 

 幹 乾 幹 
 那 朱立倫 說 要 釋放 柯文哲 不 也 .... ？ 

 經 你 這 番 提醒 
 真的 是 恍然大悟 
 國民黨 是 處處 在 弄 我們 柯文哲 
 檯面 上 說 要 藍 白 合  檯面 下 一直 衝 康
 幹   幾 掰 耶 

--
※  發信站 :   批踢踢 實業 坊 ( ptt.cc ) ,   來自 :  36.239.233.84  ( 臺灣 ) 
※  文章 網址 :  https://www.ptt.cc/bbs/Hate Politics/M.1756220577 .A.CB8.html
→ offstage:  國民黨 真正 的 敵人 一直 視 民眾黨    1.160.209.99 08/26 23:04 
→ offstage:  只有 藍 綠 可以 選 的 時候 會 有 鐘擺 效應    1.160.209.99 08/26 23:04 
→ offstage:  如果 不 小心 變成 老三 ， 真的 就 再 起 不能 了     1.16 0.209.99 08/26 23:04 
"

留言斷詞
國民黨真正的敵人一直視民眾黨,國民黨 真正 的 敵人 一直 視 民眾黨
只有藍綠可以選的時候會有鐘擺效應,只有 藍綠 可以 選 的 時候 會 有 鐘擺 效應
如果不小心變成老三，真的就再起不能了,如果 不 小心 變成 老三 ， 真的 就 再 起 不能 了

--------------------------------------------------------------------------------

文章標題,[討論] 「非法肉搜」。洋蔥為什麼不提告 - 看板 HatePolitics - 批踢踢實業坊
文章內容（斷詞）
"你 老婆 氣成 那樣 
 怎麼 不 提 告 

 有 律師 執照
 不 敢 當 律師 
 一生 只 有 4 件 
 還不是 他 個人 的 
 
 而且 四 件 還是 同 一 個 案件 
 而且 還 敗訴 


--
※  發信站 :   批踢踢 實業 坊 ( ptt.cc ) ,   來自 :  1.165.109.160  ( 臺灣 ) 
※  文章 網址 :  https://www.ptt.cc/bbs/Hate Politics/M.1756220639.A.92 C.html 
→ mintex:  這 是 甚麼 白X 問題 . 我 太太 很 生氣 叫 我 不要 回 122.100.89.152 08/26 23:05 
→ offstage: P 圖 檢調 都 不 抓 了 ， 你 這 不是 說 幹話 嗎 1.160.209.99 08/26 23:05 
→ dereklin0:  告 什麼 ？ 告訴 老師 唷 123.195.113.228 08/26 23:05 
→ offstage:  就 好像 在 中國 或 香港 問 說 ， 政治犯 為什麼 1.160.209.99  08/26 23:05 
→ offstage:  不 請 律師 幫 他們 辯護 一樣 1.160.209.99  08/26 23:05 
→ offstage:  陳菊   呂秀蓮   如果 真的 沒 犯法 ， 當初 為什 1.160.209.99 08/26 23:06 
→ offstage : 麼 會 坐牢 ？ 如果 真的 是 正義 的 一 方 ， 怎麼 1.160.209.99  08/26 23:06 
→ offstage:  還 會 被 判刑 ？ 回答 我 1.160.209.99 08/26 23:06 
→ MoWilliams:  能 告 啥 ？ 罰站 30 秒 ？ 42.75.35.191  08/26 23:06 
→ offstage:  蔣介石 抗 中 保 台 ， 把 中華民國 帶來 台灣 ， 1.160.209.99 08/26 23:06 
→ offstage:  司法 怎麼 可能 不 公正 ？ 1.160.209.99 08/26 23:06 
→ offstage:  只有 中共 同路人 才 會 反對 一 個 抗 中 保 台 1.160.209.99 08/26 23:07 
→ offstage:  的 總統 ， 不 對 嗎 ？ 1.160.209.99 08/26 23:07 
→ cvnn:  上駟 對 下 駟  怎樣 算 都 賠 114.136.131.156 08/26 23:07 
→ laladiladi:  雖然 生氣 但 還是 要 有 風度 101.9.103.27 08/26 23:10
→ laladiladi:  不要 像 一些 奇怪 的 人 整 天 想 告來告去 101.9.103.27 08/26 23:10 
 推  attitudium:  超速仔 有 什麼 是 他 敢 的 ？ 210.61.216.239  08/26 23:11 
 ※   編輯 :  royaljing   ( 1.165.109.160   臺灣 ) ,  08/26/2025  23:14:13 
 推  air 08120315 :  超速 啊 啊  223.138.15.134  08/26 23:13 
"

留言斷詞
這是甚麼白X問題.我太太很生氣叫我不要回,這 是 甚麼 白X 問題 . 我 太太 很 生氣 叫 我 不要 回
P圖檢調都不抓了，你這不是說幹話嗎,P 圖 檢調 都 不 抓 了 ， 你 這 不 是 說 幹話 嗎
告什麼？告訴老師唷,告 什麼 ？ 告訴 老師 唷
就好像在中國或香港問說，政治犯為什麼,就 好像 在 中國 或 香港 問 說 ， 政治犯 為什麼
不請律師幫他們辯護一樣,不 請 律師 幫 他們 辯護 一樣
陳菊 呂秀蓮 如果真的沒犯法，當初為什,陳菊   呂秀蓮   如果 真的 沒 犯法 ， 當初 為什
麼會坐牢？如果真的是正義的一方，怎麼,麼 會 坐牢 ？ 如果 真的 是 正義 的 一方 ， 怎麼
還會被判刑？回答我,還 會 被 判刑 ？ 回答 我
能告啥？罰站30秒？,能 告 啥 ？ 罰站 30 秒 ？
蔣介石抗中保台，把中華民國帶來台灣，,蔣介石 抗中 保 台 ， 把 中華民國 帶來 台灣 ，
司法怎麼可能不公正？,司法 怎麼 可能 不 公正 ？
只有中共同路人才會反對一個抗中保台,只有 中共 同路人 才 會 反對 一 個 抗 中 保 台
的總統，不對嗎？,的 總統 ， 不 對 嗎 ？
上駟對下駟 怎樣算都賠,上駟 對 下 駟   怎樣 算 都 賠
雖然生氣但還是要有風度,雖然 生氣 但 還是 要 有 風度
不要像一些奇怪的人整天想告來告去,不要 像 一些 奇怪 的 人 整 天 想 告來告去
超速仔有什麼是他敢的？,超速仔 有 什麼 是 他 敢 的 ？
超速啊啊,超速 啊 啊

--------------------------------------------------------------------------------

文章標題,Re: [討論] 青鳥都看正版零日攻擊嗎 - 看板 HatePolitics - 批踢踢實業坊
文章內容（斷詞）
"聽說 每 集 的 導演 都 不同 人 
 
 講 的 主題 也 都 不同 
 
 共同點 都 是 在 講 中國 攻擊 台灣 
 
 但 每 一 集 講 不同 台灣 面向 



 
 其實 第二 集   也 沒有 很 差 
 
 但 第四 集 比較 特別 




 所以 四二 交換 
 
 可能 會 更多 人 付費 




 第四 集 細思 有點 玄 
 
 但 不要 爆雷 
 


 
 其實 很多 人 以為 是 連續劇 
 
 所以 第二 集 有點 倒楣 
 
 因為 想 看 第一 集 的 後續 



 
 所以 就算 四二 交換 
 
 第四 集 還是 會 有 人 抱怨 怎麼 沒有 往 下 演 



 
 其實 不管 是 八點檔 長篇劇 
 
 還是 大愛 
 
 還是 公視 
 
 還是 政府 補助 

 都 為 台灣 很 好 延續 了 這 個 產業 



 沒有 這些 補助 
 
 就 沒 有 演員 
 
 沒有 演員 
 
 就算 你 有 好 劇本 也 找 不 到 人 拍片 
 
 也 找 不 到 燈光 等 技師 
 
 所以 補助 很 重要 



 我 是 覺得 要 更 商業化 一點 
 
 票房 好 就 再 給 一 倍 的 補助 
 
 收視率 好   票房 好 
 
 例如 票房 一億 就 給 一億 的 補助 
 
 放大 商業 的 競爭 
 
 好 的 還要 給 他 更多 補助 
 
 爛 的 還要 給 他 課稅 



 一百 部 成功 的 商業片 裡 
 
 會 有 五六 部 講 台灣 歷史 
 
 而 這 五六 部 成功 的 台灣 歷史片 
 
 效果 會 遠大 於 補助 一百 部 沒 人 看 的 台灣片 




 或者 雙軌制 

 一 軌 純 商業 補助 
 
 另 一 軌 台灣 人文片 補助 




 這 部 片 算是 有點 小 成功 
 
 雖然 後面 幾 集 還 沒 播 
 
 但 如果 劇本 是 同 一 組 人 的話 

 劇本 就 有 八十 分 起跳 
 
 除非 導演 太 差

 不然 後面 應該 不會 洛塞




 但是 不能 每 次 補助 都 靠 運氣 
 
 更 商業化 一點 
 
 養成 一百 個 商業化 的 電影 公司 
 
 再 拿 錢 給 這些 成功 的 電影 公司 拍 台灣 文史片 
 
 成功 機率 就 會 大大 提高 



 國際 橋牌社   實在 是 有夠 爛 
 
 然後 竟然 還 敢 用 這 爛 IP 去 拍 第二 季 
 
 你 就 知道 這 公司 有 多 狀況 外 



 從來 只有 好 的 第一 季 才 敢 有 第二 季 
 
 基本 邏輯 都 不 懂 
 
 這 是 連 做 事 的 道理 都 沒 學會 

 拍出來 的 片 就是 為了 拿 補助 



 雖然 補助 可以 養活 這 產業 
 
 但 不 該 只 剩下 這 個 好處 


 看 了 國橋社 以後 
 
 我 是 真心 希望 補助 不要 用 台灣 文史 為 標準 
 
 而是 以 票房 為 標準 



 如果 真 放不下 
 
 可以 另外 開 一 個 補助項   雙軌 補助 































































--
 ※  發信站 :   批踢踢 實業 坊 ( ptt.cc ) ,   來自 :  106.105.255.247   ( 臺灣 ) 
※  文章 網址 :  https://www.ptt.cc/bbs/Hate Politics/M.1756220657.A.F3E.html
噓  cwchang 2100:  不要 再 補助 這 種 垃圾 了 !   爛 斃 了 !    114.32.151.86  08/26 23:09 
"

留言斷詞
不要再補助這種垃圾了! 爛斃了!,不要 再 補助 這 種 垃圾 了 !  爛斃 了 !

--------------------------------------------------------------------------------

文章標題,[討論] 大烙賽到底是藍贏還是白贏? - 看板 HatePolitics - 批踢踢實業坊
文章內容（斷詞）
"如 題 

 我 知道 大 罷免 大烙賽 了 
 
 綠營 慘 輸   藍 白 贏 了 
 
 但 可以 更 精準 地 說 

 是 藍 贏 的 多 
 
 還是 白 贏 的 多 嗎 ? 

 風向 很 亂   搞 不 清楚 誰 是 大 贏家   看起來  柯 還 在 牢 裡  白 藍 席次 沒 增加 

 所以 

 藍 贏到 甚麼 ? 

 白 贏 到 甚麼 ? 

 誰 能夠 解析 一下 嗎 ? 

--
 一捲風雲 琅琊榜 
 囊 盡 天下 奇 英 才 
 遙 映 人間 冰雪 樣 
 暗香 幽浮 曲 臨 江
 遍 識 天下 英雄 路 
 俯首 江左 有 梅郎 

--
 ※   發信站 :   批踢踢 實業 坊 ( ptt.cc ) ,   來自 :  122.116.220.177  ( 臺灣 ) 
※  文章 網址 :  https://www.ptt.cc/bbs/Hate Politics/M.1756221004.A.2E5.html 
"

--------------------------------------------------------------------------------

文章標題,[討論] 脆熱議：賴清德失敗是因為沒聽沈伯洋的 - 看板 HatePolitics - 批踢踢實業坊
文章內容（斷詞）
"脆 上 的 青鳥 社團 說 
 沈伯洋 細心 指導 賴清德 行政 團隊 
 但是 卻 沒 人 要 聽 他 的 
 官員 還是 照 賴清德 的 旨意 


 比如說 發 一萬 
 這 個 政策 是 藍白 設定 的 議題 
 沈伯洋 已經 帶頭 殺球 
 嗆 了 這 是 違憲   窮 台   滅 台   賣 台 
 
https://i.imgur.com/8 Ohdg1j.jpeg 


 
 但 賴清德 和 行政 團隊 
 卻 因 中共 收買 的 媒體 和 假 數據 
 就 不顧 沈 反對 ， 硬 要 中途 換 方向 


 造成 台灣 人心 潰散 
 最後 當然 只有 兵 敗如山 倒 


 沈伯洋 已經 教 你們 了 
 先 設定 議題 然後 殺球 殺球 殺球 ！ 
 懂 ？ 

https://i.imgur.com/VIJkJt 4.jpeg 



 賴清德 失敗 的 原因 
 就是 因為 沒 聽 沈伯洋 的 ！ 

--
※  發信站 :   批踢踢 實業 坊 ( ptt.cc ) ,   來自 :  101.10.7.85   ( 臺灣 ) 
※  文章 網址 :  https://www.ptt.cc/bbs/Hate Politics/M.1756221034 .A.DA8 .html
"

--------------------------------------------------------------------------------

文章標題,Re: [討論] Cheap影片成功帶起風向了 - 看板 HatePolitics - 批踢踢實業坊
文章內容（斷詞）
"※  引述 《 seabox   ( 垃圾 盜版 糞盒 ) 》 之 銘言 ： 
:  大 罷免 大 失敗   都 推給 綠畜 罷團 就 好 
:   把 青鳥 跟 罷團 往 死 裡 打 
 
 
 難得 同意 不同 陣營 的 這 幾 句 話 
 
 近期 網路 風向 
 
 說穿 了 就是 藍白營 的 選後 總清算 

 傾 綠 網紅 ?   網軍 爆料 、 抹黑 ， 把 你們 往 死 裡 打 
 
 傾 綠 平民 ?   罷團 ?   網軍 、 傭兵 網紅 、 藍白 網紅 、 傳媒 
 
 新 媒體 多 位 一體 批鬥 
 
 把 這些 敢於 站出來 反抗 國民黨 、 民眾黨 的 人 往 死 裡 打 
 
 讓 你們 記住 敢 反抗 藍 白 ， 就 會 有 網軍 帶 風 向 網 爆 你們 
 
 當然 還 會 有 網軍 反串 裝 你們 隊友 ， 故意 招黑 ， 再 讓 正規軍 轉傳 、 批鬥 嘲弄 
 
 目的 就是 要 讓 平民 百姓 
 
 再 也 、 不 敢 、 吭 一 聲 ， 來 反抗 國民黨 、 民眾黨 
 
 「 往 死 裡 打 」 
 
 這 用詞 真是 說 得 好 
 
-----
 Sent  from JPTT  on my Samsung  SM-N950 F.

--
 ※  發信站 :   批踢踢 實業 坊 ( ptt.cc ) ,   來自 :  49.216.41.209   ( 臺灣 ) 
 ※  文章 網址 :  https://www.ptt.cc/bbs/Hate Politics/M.1756221213.A.9A7.html 
"

--------------------------------------------------------------------------------

文章標題,Re: [討論] 罷團成員 現實生活中是怎麼樣的人？ - 看板 HatePolitics - 批踢踢實業坊
文章內容（斷詞）
"※  引述 《 Manzini  ( Manzini ) 》 之 銘言 
:   有 沒有 人 的 同學 同事 是 罷團 成員 ？ 
:  他們 現實 生活 中 是 怎麼樣 的 ？ 
:  是 不是 跟 電視 講 的 一樣 超 瘋 ？ 
:  只是 很 好奇 ， 這些 人 平常 不用 上班 上課 嗎 ？ 


 帶頭 的 leader

1.    想 卡位 選 議員 的 人   像 廖芝晏 

2.    議員   立委 助理   或 綠色 地方 政府 的 約聘 人員 

3.    民進党 相關 側翼 組織 的 員工 


 以上 這 幾 種 人 都 政治 工作者 
 
 基本 黨 中央 下 命令   他們 就 聽命 行事 
 
 跟 解放軍 差不多  党 的 長槍 

 党 指 到 哪裡   打到 哪裡 


------

 跟隨 的 follower


1.   屁精   這 應該 不用 解釋 

2.   家 裡 很 有錢   去 美國 留學 
      學習 左膠 思想 的 高齡 單身 貓奴女 

3.    本身 沒有 特別 才能 或 創意 的 文組 人員 

       像 什麼 報社 編輯 還是 狗屁 插畫家   文史 工作者 

       因為 台灣 產業 轉型     現在 這些 人 很 難 找到 工作 

       這些 人 也 沒 特別 厲害 或 有 梗  轉作 網路 也 沒辦法 

       於是 党 洗腦 這些 人 

       說 你們 找 不 到 工作 都 是 柯文哲 黃國昌 害 的 

        所以 這些 人 加入 罷團 



 大概 就是 這樣 


--
※  發信站 :   批踢踢 實業 坊 ( ptt.cc ) ,   來自 :   1.34.183.90   ( 臺灣 ) 
 ※  文章 網址 :  https://www.ptt.cc/bbs/Hate Politics/M.1756221250.A.6 BF.html 
"

--------------------------------------------------------------------------------

文章標題,[黑特] 為什麼選後才反彈老柯有問題 - 看板 HatePolitics - 批踢踢實業坊
文章內容（斷詞）
"辱題 
726 投票 前 
 每 個 民進黨 立委 信心 爆表 
 只 當 橡皮圖章 ， 不 監督 執政黨 ， 整 天 追 著 在野黨 跑 
726 投票 後 ， 也 沒 看到 反省 ， 王世堅 一樣 被 罵 
 總統 ， 黨鞭 ， 繼續 823 大 罷免 
 別 再 扯 公民 發起 的 ， 選完 沒 多久 ， 投票 投 不 贏 人 ， 就 想 罷免 
 不過 就是 韓國瑜 的 甜頭 ， 讓 你們 吃到 了 ， 繼續 玩 那 套 
 
 現在 該 檢討 的 敗 票 三 人 組 ， 也 沒 人 想 下來 ， 很 好 啊 ， 繼續 爛 
 
 不過 今天 不 知道 吃 了 啥 藥 
 開始 有 立委 劍 指 老柯 
干 ， 那 當時 是 起 啥 哄 
 民進黨 還是 當 在野黨 好了 
 只 為了 選舉 ， 根本 無力 執政 

--
※   發信站 :   批踢踢 實業 坊 ( ptt.cc ) ,   來自 :  223.139.1.126  ( 臺灣 ) 
 ※   文章 網址 :  https://www.ptt.cc/bbs/HatePolitics/M.1756221344.A.72 E.html
"

--------------------------------------------------------------------------------

文章標題,Re: [黑特] 有人看得懂沈伯洋在講什麼嗎？ - 看板 HatePolitics - 批踢踢實業坊
文章內容（斷詞）
"我 有 看懂 沈黑熊 在 講 什麼   我 來 解釋 解釋 
 
 例如 
 
 藍白 設定 恢復 5 天 假 議題 ， 預判 綠 的 攻擊 一定 是 
 反對 ， 所以 提前 在 法案 通過 前 幾 個 月 就 開始 討論 ， 果 不期然 ， 三讀 突襲 機密 版本 ， 綠營 三讀 
 就是 反對 。 

 沈 事 後 解釋 是 不 同意 放假 名目 ， 藍白 滑坡 反對 = 擋 放假 。 
 
 沈黑熊 經過 一 年 半   屢屢 上鉤 之後 ， 終於 看懂 藍白 的 招數   恭喜 。 
 
 這 就 我 之前 罵 沈 的 ， 484 有 看 政黑 ？ 

 沈黑熊 有 能力 預判 藍白 的 回應 並 做 回擊 嗎 ？ 

 核廢 放 金門   陳玉珍 說 可以 談   有 預判到 嗎 ？ 

 真的 可以 談  dpp 會不會 反而 不知所措 ？ 



※  引述 《 fraternity   ( 猴猴 做 歹誌 ) 》 之 銘言 
:  今天 看到 沈伯洋 在 講 什麼 議題 設定 的 新聞 
:  後來 去 翻 一下 他 的 threads ， 發現 他 8月 初 就 已經 在 指導 行政 團隊 了 ==
:  沈伯洋 論述 大綱 ： 
:  行政權 要 硬起來 ， 設定 議題 + 預判 攻擊 
:  怎麼 做 呢 ？ 在 設定 議題 後 ， 提前 3 個 月 圍繞 設定 的 議題 展開 行動 
: https://i.imgur.com/BMOqf17 .jpeg 
:  我 真的 看 不 懂 他 到底 在 講 什麼 欸 
:  立委 去 審 你 的 法案 好不好 ， 到底 是 在 指導 行政 團隊 攻防 什麼 鬼 ？ ？ 



--
※  發信站 :   批踢踢 實業 坊 ( ptt.cc ) ,   來自 :  116.241 .208.148   ( 臺灣 ) 
 ※   文章 網址 :  https://www.ptt.cc/bbs/Hate Politics/M.1756221416.A.DBC.html 
"

--------------------------------------------------------------------------------

文章標題,[公告] 本板關於分身違規之規定彙整 - 看板 HatePolitics - 批踢踢實業坊
文章內容（斷詞）
"本 板 禁止 於 水桶 期間 使用 分身 帳號 推 發文 
 本 板 之 分身 規定 為 1-5 、 1-6 

 板主 可 依照 群組 規定 至少 兩 組 以上 相同  IP  紀錄 ， 得 將 其 視為 同 一 使用 者 帳號 

5. 違規 者 （ 無論 本尊 / 分身 ） 於 最 新 違規 發生日 之前 一 年度 相對日 內 
　 （ 非 水桶 日期 ） 再度 違規 為 累犯 者 ， 並 以 該 期間 該 使用 者 所有 帳號 違規 次數 為 前科數 ， 
　 違規 次數 應 採 「 前科 累積 加重 水桶 」 。 
　 ( 板主 可 依照 帳號部 歷史 公告 判定 或 帳號部 公告 之 簡易 認定 程序 處置 ） 
　 水桶 天數 ＝ 判決 水桶 * ( 前科數 + 違規數 ) 
6. 使用 分身 /Bug 規避 板規 或 水桶 ， 經 確認 後 本尊 / 分身 皆 判決 原 判決 *2＋ 剩餘 天數 ， 
   違規 期間 發文 全數 退文 且 水桶 自 新 公告 起 計算 。 

 本 公告 發文 當下 之 最 新 板務部 規定 ↓

5/30 zeuswell      轉   [ 公告 ]   板務部 多重 帳號 送件 辦法 修正 Ver2.0 
┌─────────────────────────────────────┐
│  文章 代碼 ( AID ) :  #1 cM7 YehJ  ( Hate Politics )  [ptt.cc ]  Fw: [ 公告 ]   板務部 多重 帳  │
│  文章 網址 :  https://www.ptt.cc/bbs/HatePolitics/M.1717074088 .A.AD3.html    │
│  特殊 文章 ， 無 價格 記錄                                                      │
└─────────────────────────────────────┘

 本 公告 發文 當下 之 最 新 群組 規定 ↓

6/10  zeuswell      轉   [ 公告 ]   生活 娛樂館   多重 帳號 處置 臨時 辦法 
┌─────────────────────────────────────┐
│  文章 代碼 ( AID ) :  #1cPk2mm_  ( Hate Politics )  [ptt.cc ]  Fw:  [ 公告 ]   生活 娛樂館  ? │
│  文章 網址 :  https://www.ptt.cc/bbs/Hate Politics/M.1718018224 .A.C3F.html    │
│  這 一 篇 文章 值  0 Ptt幣                                                      │
└─────────────────────────────────────┘

--
※  發信站 :   批踢踢 實業 坊 ( ptt.cc ) ,   來自 :  36.239 .100.212  ( 臺灣 ) 
 ※   文章 網址 :  https://www.ptt.cc/bbs/Hate Politics/M .1746862087.A.69 D.html 
"

--------------------------------------------------------------------------------

文章標題,[公告] 政治黑特板板規__20250611 - 看板 HatePolitics - 批踢踢實業坊
文章內容（斷詞）
"╭──────╮
│ 第一 章    總則 │
╰──────╯
￣￣￣￣￣￣￣￣ 
1 . 本 板 接受 中華民國 政府 頒布 之 法律 ， 教育部 學術 網路 公約 ， 以及 PTT 站方 制定 之 站 規管 
   轄 。 

2. 本 板 為 政治 黑特板 ， 主旨 在於 討論 政治 / 民生 / 社會 現狀 等 相關 議題 。 

3. 文章 標題 、 文章 內容 、 發文 者 簽名檔 ， 皆 視同 發文 本體 ， 其 內容 應 遵守 板規 。 

4. 各 項 違規 依 違規 事項 所屬 章節 處置 ， 連續 違規 者 依 各 章節 區分 違規 及 前科數 ， 板主 得以 
   視 情節 給予 處分 ， 並 依 連續 違規 條文 （ 第五 節 ） 計算 水桶 天數 。 

5. 違規 者 （ 無論 本尊 / 分身 ） 於 最 新 違規 發生日 之前 一 年度 相對日 內 
　 （ 非 水桶 日期 ） 再度 違規 為 累犯 者 ， 並 以 該 期間 該 使用 者 所有 帳號 違規 次數 為 前科數 ， 
　 違規 次數 應 採 「 前科 累積 加重 水桶 」 。 
　 ( 板主 可 依照 帳號部 歷史 公告 判定 或 帳號部 公告 之 簡易 認定 程序 處置 ） 
 　 水桶 天數 ＝ 判決 水桶 * ( 前科數 + 違規數 ) ， 違規 者 處分 水桶 前 之 違規 案例 合併 計算 

6. 使用 分身 /Bug 規避 板規 或 水桶 ， 經 確認 後 本尊 / 分身 皆 判決 原 判決 *2＋ 剩餘 天數 ， 
   違規 期間 發文 全數 退文 且 水桶 自 新 公告 起 計算 。 
   ( 分身案 追溯 期限 為 最後 一 次 違規 推 發文 起算 一 年 ) 

7. 所有 水桶 / 前科 紀錄 定期 歸檔 。 

8. 所有 板務 應 依 政黑 / 政檢 規定 執行 / 處分 ， 結果 應 公開 於 板面 上 ， 並 以 政檢板 文章 為準 。 
  （ 刪除 / 退文 主動 處置 之 違規 不在此限 ， 但 結果 應 公開 於 政黑 / 政檢 板面 上 ） 

╭────────╮
│ 第二 章    文章 分類 │
╰────────╯
￣￣￣￣￣￣￣￣￣￣ 
1 . 本 板 發文 請 遵守 本 板 主旨 、 標題 分類 與 分類 格式 ， 違者 刪除 。 

2. 發表 文章 須 40 個 繁體 中文字 以上 。 作者 本人 轉錄 文章 以 轉錄 文章 字數 計數 。 
　 ( 簽名檔 、 網址 、 無意義 字詞 、 轉錄 他人 文章 、 他方 平台 及 轉錄 / 發表 新聞 內容 不 計入 ) 
　 禁止 手動 置 底 相似 文章 或 發 / 推文 過多 簡體字 ， 以上 違者 刪除 。 

3. 本 板 文章 標題 分類為 『 黑特 』 、 『 討論 』 、 『 創作 』 、 『 Live 』 、 『 轉錄 』 
   『 新聞 』 、 『 舊聞 』 、 『 公告 』 ， 其餘 分類 隨 公告 而 動態 增減 。 

4. 標題 分類 使用 說明 ： 
  a. 黑特 ： 心情 抒發 / 幹意 發洩 等 。 
  b. 討論 ： 時事 / 政治 / 民生 / 政問 / 獨家 / 政府 決策 等 討論 。 
　c. 創作 ： 延伸 創作 / 空想 / 惡搞 等 。 
　d.Live ： 政論 節目 / 政府 實況 / 公民 轉播 等 。 
  e. 轉錄 ： 社論 / 他 板 文章 / 其他 平台 資料 等 。 
  f. 新聞 ： 張貼 付 有 來源 之 新聞 。 
  g. 舊聞 ： 超出 三 日 之 新聞 / 社群 、 社論 轉錄 。 
  h. 公告 ： 板主 專用 分類 。 

5. 「 Live 」 、 「 新聞 」 、 「 轉錄 」 、 「 舊聞 」 及 轉錄 他方 內容 遵守 下列 規定 ， 違者 刪除 。 
 a. 字數 認定 依 板規 2-2 處置 。 
 b. 每 日 此 類 文章 上限 3 篇 。 （ 任何 原因 自刪 及 被 板主 刪除 均 計入 額度 ） 
 c. 來源 為 外站 者 ， 須 附上 有效 原文 連結 或 短 縮址 。      https://reurl.cc/main/tw
 d. 此 分類 文章 禁止 多 篇 合併 發文 或 使用 其他 分類 / 回文 偷渡 。 
 ( 如 以 規範 外 形式 發表 文章 ， 應 節錄 重點 不得 全 文 ) 
 e. 重複 發表 存於 板面 之 相同 來源 或 內容 文章 。 
 f. 「 Live 」 文章 限 發表 節目 首播 24 hr 內 之 政論 節目 / 政府 實況 / 公民 轉播 等 。 
 g. 「 新聞 」 、 「 轉錄 」 文章 限 發表 3 天 內 之 新聞 、 社論 / 他版 文章 /FB/ 其他 平台 資料 等 。 
 h. 除 4-3 規範 之 事項 外 ， 「 新聞 」 、 「 轉錄 」 、 「 舊聞 」 應 完整 轉錄 該 文 且 禁止 修改 原文 。 
 i. 轉錄 他板 文章 應 原 作者 同意 ， 並 刪除 原文 下 之 推文 。 
 j. 原文 為 外文 者 ， 須 附上 簡易 翻譯 。 
 k. 轉錄 來源 為 FB ， 須 為 公眾 人物 或 牽涉 公眾 / 政治 議題 。 
 l. 「 新聞 」 、 「 轉錄 」 、 「 舊聞 」 標題 須 為 原 新聞 或 社論 標題 且 從頭 張貼 ， 
    不得 任意 刪減 。 此 類 文章 內文 應 張貼 完整 原 標題 ， 
    轉錄 來源 為 FB/ 推特 ， 則 標題 須 為 來源 名稱 。 ( ex: 人名 、 粉絲團 名 …etc  ) 
 m. 轉錄 站方 公告 不 受 2-2 、 2 -5-i 限制 ， 嚴禁 修改 內文 及 濫用 ， 並 計入 2-5 每 日 額度 。 

6. 「 公告 」 限 板主 使用 ， 板主 使用 公告 及 轉錄 站方 公告 不 受 板規 第二 章 及 第八 章 限制 。 

7. 政黑板 嚴禁 於 板面 上 發文 討論 他 板 板務 ( 公告 、 修改 板規 與 之 內容 ) ， 違者 刪除 。 

8. 張貼 公益 救助 / 學術 調查 / 活動 宣傳 等 ， 應 詢問 板主 並 得到 任一 板主 單次 同意 ， 違者 刪除 。 

9. 每 日 發文 / 回文 上限 5 篇 ， 禁止 手動 置底 相似 文章   違者 超 貼 文章 刪除 。 
  （ 任何 原因 自刪 及 被 板主 刪除 均 計入 額度 ） 

10. 嚴禁 任何 方式 公開 站內信 / 水球 紀錄 且 未 經 當事人 同意 ， 違者 水桶 7 天 並 刪除 。 

11. 嚴禁 修 / 刪 本 板 板友 推文 （ 除 板主 執行 個資 保護 與 板務 處理 外 ） ， 違者 水桶 7 天 。 

12. 預留 空 條款 

13. 預留 空 條款 

14. 預留 空 條款 

15. 預留 空 條款 

16. 若 違規 條文 沒有 明定 水桶 天數 ， 則 以 正常 水桶 之 天數 （ 7 天 ） 處 之 。 

╭─────────────╮
│ 第三 章    言語 ／ 漫罵 攻擊 規範 │
╰─────────────╯
￣￣￣￣￣￣￣￣￣￣￣￣￣￣￣　
 判決 要件 : [ 特定 的 對象 / 群體 ] 與 [ 明顯 貶抑 詞語 ] ， 需 兩 者 皆 有 應 視為 言語 / 漫罵 攻擊 。 

1 . 本 板 不 鼓勵 言語 攻擊 ， 發 / 推文 皆 受 規範 ， 違反 本 章 規定 者 水桶 35 天 ， 
 欲 檢舉 者 需 提出 　 滿足 板規 3-2 「 特定 對象 」 之 舉證 ， 若 多數 板主 判定 不符 則 不 受理 。 
2. 特定 對象 

  a.PTT 使用 者 ， 如 (1) ID,  ( 2 ) 暱稱 / 代稱 ,   ( 3 ) 討論 上下文 行為 等 
　　　　　　  ( 1 )  ( 2 ) 客觀 可 確認為 針對 特定 使用 者 ，   ( 3 ) 由 板主 判定 。 
　b. 未 明確 對象 ， 但 回文 特定 對象 之 文章 / 推文 ， 並 發表 非 針對 文章 ／ 推文 之 攻擊 內容 。 
　c. 指定 推文 樓層 並 發表 非 針對 推文 之 攻擊 內容 


3. 明顯 貶抑詞 定義 :   經由 下述 網站 判決書 / 辭意 判斷 ， 詞義 相同 且 能 證明 貶抑 之 意 。 
   若 使用 判決書 系統 ， 須為 有罪 判決 ； 只 接受 妨害 名譽 / 公然 侮辱 等 案由 判決書 。 
   裁判書 系統 ： http://goo.gl/BqhOjY
   萌典 ： https://www.moedict.tw
 允許 ( 1 ) . 發語詞 以及 同 義 但 不同 口語 間 轉換 之 使用 
     ( 2 ) . 詞語 雖 具 貶抑 但 不 具 攻擊 屬性 
         此 部分 交由 板主 判斷 

4. 鼓吹 暴力 言論 / 以 非法 手段 嚴重 損害 特定 對象 生命 財產 安全 之 言論 ， 視同 違反 本 章 規定 。 

5. 公眾 政治 人物 / 政府 機關 / 政治 族群 / 經 媒體 披露 / 社會 議題 相關 團體 者 等 ， 不 受 此 章 保護 。 

6. 非 政治 群體 ， 如 攻擊 行政 區域 地緣 / 宗族 / 信仰 / 興趣 / 性別 / 性傾向 / 學歷 / 職業 等 ， 
   水桶 7 天 。 

╭──────╮
│ 第四 章    鬧板 │
╰──────╯
￣￣￣￣￣￣￣￣ 
 以 自刪 規避 板規 ， 視同 鬧板 ， 依 本 章 板規 處置 。 

1. 禁止 非 板主 者 發 / 回 公告文 ， 違者 水桶 90 天 並 退文 刪除 。 

2. 非 公告 參選 時間 發表 參選文 ， 違者 水桶 90 天 並 退文 刪除 。 

3. 文章 內容 有 商業 廣告 / 政治 獻金 相關 連結 / 媒體 、 社群 刊載 之 血腥 圖片 ， 應 刪除 後 再 張貼 。 
　 違者 文章 / 推文 刪除 水桶 30 天 。 

4. 危害 公眾 言論 / 色情 / 自殺 / 煽動 、 唆使 他人 自殺 / 病毒 / 竊取 個資 / 影射 或 透漏 他人 個資 等 
   內容 或 連結 ， 禁止 發 / 推文 於 本 板 ， 違者 文章 退文 刪除 水桶 90 天 ， 推文 刪除 水桶 180 天 。 
   如 違規 為 發文 板主 可 逕行 鎖 文 / 刪文 處置 ， 如 違規 為 推文 可 逕行 刪除 推文 ， 惟 水桶 處分 
   仍 須 在 政檢板 另行 貼文 合議 討論 之 。 
 ( 任 一 板主 於 接獲 檢舉 或 巡查 發現 本 項 違規 可 直接 執行 違規 處置 ， 惟 仍 需 公告 於 政黑板 。 ) 

   色情 言論 之 範圍 包括 但 不限於 ： 
   (1)  針對 公眾 具有 攻擊 、 侮辱 、 騷擾 、 仇恨 等 情節 且 造成 他人 明顯 不適 。 
   (2)  對 特定 個人 （ 包含 板友 、 公眾 人物 ） 發表 包含 性徵 或 性行為 之 描述 且 具有 
       攻擊 、 騷擾 、 仇恨 言論 、 暴力 、 或 性 羞辱 之 暗示 
   兒少 相關性 暗示 或 內容 一律 禁止 ， 無論 情節 輕重 ， 違者 刪文 並 視 情節 加重 處置 。 


5. 境 外 IP 使用 者 「 發文 」 內容 經 IFCN 認證 之 事實 查核 相關 網站 查詢 為 錯誤 、 誤導 或 不 正確 
   等 訊息 ， 並 經由 板主群 多數 決 認定 ， 處以 退文 刪除 及 水桶 180 天 。 
   台灣 事實 查核 中心      https://tfc-taiwan.org.tw
  MyGoPen              https://www.mygopen.com

   備註 : 檢舉人 須 提供 查核 確定 錯誤 資料 。 

6. 多 篇 文章 下 ， 8 小時 內 重複 、 無意義 、 相同 / 相似 之 推噓文 達 5 次 以上 或 
   多 篇 不 正常 推噓文 達 2 次 （ 5 篇 ） ， 違規 一 次 水桶 14 天 。 板主 得 依 情況 將 文章 推薦值 歸零 。 
  ( 板主 處理 板務 可 不 列入 ) 

7. 單篇 文章 下 ， 重複 、 無意義 、 相同 / 相似 之 推噓文 、 不 正常 連續 推噓文 達 3 次 以上 ， 
　 違規 一 次 水桶 14 天 。 板主 得 依 情況 將 文章 推薦值 歸零 。 
  ( 板主 處理 板務 可 不 列入 ) 

8. 嚴禁 編輯 偽造 本 板 板友 或 文章 推文 （ 除 板主 執行 個資 保護 與 板務 處理 外 ） ， 
　 違者 水桶 90 天 ， 發表 文章 退文 。 

╭ ──────────╮
│ 第五 章 　 修改 板規 相關 │
╰──────────╯
￣￣￣￣￣￣￣￣￣￣￣￣
1. 新 修 板規 由 全體 板主 應 由 可 紀錄 方式 達成 共識 通過 後 ， 由 任 一 板主 公布 並 置底 。 

2. 新 修 板規 於 公佈 時 應 標注 生效 年 月 日 時 分 ， 且 生效 時間 應 大於 發文 時間 1 hr 
   以 此時 視為 新 板規 生效 。 

3. 所有 新 修 板規 皆 不 溯及既往 。 

4. 板 主群 發布 新 板規 後 需 有 7 天 宣導期 ， 且 須 置底 於 板 上 。 
  （ 七 天 宣導 期間 ， 違反 新 板規 應 公告 提醒 不 處分 ， 舊 板規 違規 依照 舊 板規 處置 ） 

╭────────╮
│ 第六 章 　 板主 規範 │
╰────────╯
￣￣￣￣￣￣￣￣￣￣
1. 板主 規範 為 板主 自律 之 規範 ， 與 板主 權限 相關 皆 須 明定 於 此 章 。 如 修改 ， 應 公佈 並 置底 
　 修改 後 板規 ， 並 耗期 7 天 投票 表決 （ 接受 / 不 接受 ） ， 違者 修改 無效 。 

2. 政黑板 板主 任期 為 1 年 1 任 ， 得 連選 連任 一 次 。 

3. 政黑板 板主 應 為 3 位 ， 如 因 罷免 / 辭職 / 解職 等 ， 應 進行 投票 遴選 新 板主 補滿 剩餘 任期 。 

4. 板主 遴選 須 透過 板友 投票 表決 ， 禁止 私相授受 ， 違者 板主 / 新 板主 應 自請 解職 且 
　 不得 連任 。 
  ( 選舉 資格 : 登入 300 次 / 發文 200 篇 / 政黑 20 篇 以上 ， 前 兩 者 條件 以 生活 娛樂 組 規 為準 
   設籍 於 台 澎 金馬 等 中華民國 目前 治權 所在地 之 地區 板友 方 能 參與 板主 競選 。 海外 地區 
   大陸 港澳 地區 使用 者 視為 外國人 ， 無 參選 資格 。 )  

5. 舊 任 板主 應 於 任期 結束 前 2 個 月 ， 開始 舉辦 新任 板主 選舉 ， 並 於 選舉 結果 出來 後 ， 
　 與 新任 板主 討論 交接 時程 並 公告 之 ， 不得無故 拖延 交接 ， 違者 應 自請 解職 。 

6. 板主 對於 言語 攻擊 ／ 謾罵 攻擊 ／ 需 為 2 位 以上 板主 有 共識 方 能 處理 之 違規 ， 應 被動 處理 
   ， 待 有 人 檢舉 後 才 能 進行 判決 。 （ 除 第六 章 6-7 規範 之 項目 ） 

7. 板主 對於 採 刪除 / 退文 處置 之 違規 ， 得 主動 處理 ， 以 維護 板面 秩序 。 
  （ 第一 章 1-6 、 第二 章 及 第四 章 除 4-6 4-7 外 ） 

8. 暫行 板規 規範 
　板 主群 若 有 意外 情況 需 使用 暫行 板規 ， 應 在 共識決 後 取得 板友 多數 同意 且 於 政黑板 上 舉 
　 辦 公投 。 且 應 註明 ： 暫行 板規 名稱 與 規範 ， 暫行 板規 時限 。 
　 投票 時間 為 72 小時 ， 通過 後 直接 生效 。 

9. 若 板主 本身 違規 ， 視為 一般 使用 者 身份 ， 由 其他 板主 代為 處理 判決 。 

10. 所有 判決 / 板規 / 爭議 判決 為 2 位 以上 板主 有 共識 下 執行 ， 
    若 不足 2 位 則 依據 先前 已 定 共識 。 

11. 所有 板務 處理 ， 應 公開 於 板面 上 ， 並 以 政檢板 文章 為準 。 
　 （ 刪除 / 退文 主動 處置 之 違規 不在此限 ， 但 結果 應 公開 於 板面 上 ） 

 12. 若 板務 處理 上 板主 意見 不同 ， 嚴禁 進行 獨斷 處理 且 其 處理 無效 ， 待 有 共識 後 才 行 處理 。 

13. 舉辦 板主 遴選 投票 時 ， 除 政見 外 ， 得 要求 參選人 表態 是否 上任 後 願意 遵守 第六 章 板規 
    以 供 板友 作為 板主 投票 之 參考 。 

14. 本 板 板務 僅 為 板面 秩序 維護 者 / 板規 解釋 / 仲裁 者 ， 無法 為 任 一 板友 之 言論 背書 或 
    限制 其 言論 （ 除 違反 板規 外 ） ， 本 板 板務 由 此 善盡 善良 管理人 的 責任 。 

╭─────────╮
│ 第七 章    小 板主 規範 │
╰─────────╯
￣￣￣￣￣￣￣￣￣￣￣
1. 本 規範 為 小 板主 相關 設立 、 職權 、 解職 相關 的 的 規章 。 

2. 任命 方式 為 ： 

   板友 私信 板主 ， 或 板主 自行 推薦 。 

   經 板主群 討論 同意 後 ， 由 板主 直接 任命 。 

3. 小 板主 任期 為 一 年 一 任 ， 經由 板主 同意 得 連任 ， 小 板主 最多 不可 超過 4 位 。 

4. 板主 任期 屆滿 一 並 解職 ， 另外 如 小 板主 有 失職 情形 。 經 全體 板主 同意 後 直接 解任 。 

5. 小 板主 職權 為 精華區 相關 整理 、 參與 檢舉 相關 流程 、 或 其他 板主 委託 的 事務 。 

6. 申請 M文 與 精華區 流程 ( M文 方式 不限於 此 ) ： 

   板友 如 有 希望 M 或 收 精華區 的 文 可 於 該 文章 發表 後 2 個 禮拜 前 向 小 板主 寄 信 申請 
   經 小 板主 審核 同意 後 該 文章 將 M文 或 收入 精華區 

   M文 參考 標準 ： 有 資料 分析 者 、 優良 創作 文章 ... 等等 之類 的 


╭───────────────╮
│ 第八 章    檢舉 申訴 制度 與 板務 相關 │
╰───────────────╯
1. 政黑板 之 檢舉文 / 申訴文 / 須 發表 HateP_Picket 政檢板 ， 違者 不 受理 並 刪除 並 水桶 七 天 。 

2. 討論 本 板 或 政檢板 務 需 發表 於 政檢板 ， 如 在 政黑板 發文 討論 板務 ， 
   違規 者 刪除 並 水桶 七 天 。 

3. 其他 相關 規定 請 參閱 政檢板 ( HateP_Picket ) 板規 。 


                                政治 黑特 板板規 _20250611 20250611_0700 起 生效 


--
※  發信站 :   批踢踢 實業 坊 ( ptt.cc ) ,   來自 :  111.254.74.8   ( 臺灣 ) 
※  文章 網址 :  https://www.ptt.cc/bbs/Hate Politics/M.1749591344 .A.C7 E.html
"

--------------------------------------------------------------------------------

